ISIN CODE;DATE;ABNORMAL_RETURN;ABS_AR;PREDICTED_RETURN;RETURN_STOCK;RETURN_MARKET;t;Surpise_Category;# Estimates;Mean;Standard Deviation;Variationskoeffizient
AT0000A3EPA4;43872;-0.042213412;0.042213412;0.010760428;-0.031452984;0.004920749;0;Positive;12;11.5461;1.7871;0.154779536
AT0000A3EPA4;44236;-0.073914797;0.073914797;0.000742349;-0.073172448;0.001338475;0;Negativ;7;0.7867;2.7354;3.477056057
AT0000A3EPA4;44600;0.095665979;0.095665979;-0.009428677;0.086237302;-0.00498697;0;Positive;10;3.9533;2.5617;0.647990287
AT0000A3EPA4;44964;-0.177175986;0.177175986;-0.01286533;-0.190041316;-0.004989719;0;Negativ;10;2.6972;1.1558;0.428518464
AT0000A3EPA4;45331;0.132204226;0.132204226;-0.013197183;0.119007043;-0.005194151;0;Positive;11;-1.143;5.2077;-4.556167979
CH0000816824;43893;-0.027369184;0.027369184;0.017059815;-0.01030937;0.015836892;0;Negativ;10;0.526025102;0.077600143;0.147521749
CH0000816824;44257;0.009671287;0.009671287;0.011585552;0.021256839;0.008703498;0;Positive;9;0.197820769;0.097202373;0.491365864
CH0000816824;44621;-0.018674013;0.018674013;-0.013546866;-0.032220879;-0.010105521;0;Positive;8;0.534889737;0.085677283;0.160177467
CH0000816824;44978;-0.039601357;0.039601357;-0.000473692;-0.040075049;0.000312237;0;Neutral;8;0.631198197;0.093052063;0.147421307
CH0000816824;45342;0.06856202;0.06856202;0.001903631;0.070465651;0.003189197;0;Positive;7;0.384925227;0.09127488;0.237123664
CH0002178181;43934;-0.000104348;0.000104348;0.000104348;0;0;0;Negativ;7;1.505817357;0.13574704;0.09014841
CH0002178181;44266;-0.005974908;0.005974908;-0.000787586;-0.006762494;-0.000504509;0;Neutral;8;1.422545125;0.093094631;0.065442304
CH0002178181;44635;-0.025501142;0.025501142;-0.000861416;-0.026362558;-0.000598086;0;Negativ;10;2.002577458;0.359991446;0.179764056
CH0002178181;45000;-0.049742004;0.049742004;-0.018565839;-0.068307843;-0.018498931;0;Negativ;11;1.370762035;0.307612414;0.224409785
CH0002178181;45364;0.000892134;0.000892134;0.002625281;0.003517415;0.003172475;0;Negativ;11;1.469347844;0.097926016;0.066645904
CH0002432174;43894;-0.015084332;0.015084332;0.016389815;0.001305483;0.014719056;0;Neutral;10;22.8104193;0.727070343;0.031874484
CH0002432174;44224;-0.023987372;0.023987372;-0.001649082;-0.025636454;-0.003177834;0;Neutral;10;15.50832251;0.990104177;0.063843409
CH0002432174;44588;-0.091884235;0.091884235;0.004406549;-0.087477686;0.004470178;0;Neutral;9;27.36377686;0.626334886;0.022889197
CH0002432174;44952;0.004166935;0.004166935;-0.007099488;-0.002932553;-0.006273897;0;Positive;9;32.21845753;1.516139921;0.047058116
CH0002432174;45321;-0.0000159;0.0000159;0.000561918;0.000546001;0.001190961;0;Positive;8;34.21331967;2.59834904;0.07594554
CH0003541510;43893;0.032270304;0.032270304;0.014377385;0.046647689;0.015836892;0;Positive;8;91.43970015;1.122115939;0.012271649
CH0003541510;44259;0.019090218;0.019090218;-0.001741579;0.017348638;-0.002112339;0;Positive;8;64.52533793;4.559295703;0.070658998
CH0003541510;44623;0.075890206;0.075890206;-0.018731792;0.057158414;-0.017393801;0;Neutral;7;95.05378951;4.558678477;0.047958935
CH0003541510;44943;-0.049295207;0.049295207;-0.004119729;-0.053414936;-0.002532976;0;Negativ;7;81.33587852;7.717404411;0.094883151
CH0003541510;45356;0.02374627;0.02374627;-0.003165562;0.020580708;-0.002190581;0;Positive;6;76.88536349;1.387331347;0.018044154
CH0003671440;43936;-0.026108219;0.026108219;-0.016256445;-0.042364664;-0.020258856;0;Negativ;6;13.43955293;1.644905929;0.122392905
CH0003671440;44264;-0.016047472;0.016047472;0.00275824;-0.013289232;0.004378874;0;Negativ;7;-19.95386781;2.568030498;-0.128698382
CH0003671440;44629;-0.052052175;0.052052175;0.058972618;0.006920443;0.040728632;0;Neutral;6;7.374429233;1.509829323;0.204738465
CH0003671440;45315;-0.019021026;0.019021026;0.003157362;-0.015863664;0.003845419;0;Positive;5;13.62770029;2.683196261;0.196892814
CH0006372897;43880;-0.010436808;0.010436808;0.014485396;0.004048589;0.010179932;0;Neutral;8;68.93571202;1.437379821;0.020851019
CH0006372897;44274;0.04100706;0.04100706;0.001022473;0.042029532;-0.000312568;0;Positive;8;74.97441209;7.243375235;0.096611298
CH0006372897;44614;-0.00840276;0.00840276;0.00840276;0;0.005440996;0;Neutral;10;100.8159087;4.692488707;0.046545121
CH0006372897;44956;0.056589077;0.056589077;0.004484478;0.061073556;0.003354874;0;Positive;9;98.8606022;5.907795053;0.059758841
CH0006372897;45320;-0.010591823;0.010591823;0.002510971;-0.008080852;0.002700583;0;Neutral;9;81.96281999;4.832460549;0.058959179
CH0008038389;43888;0.003291837;0.003291837;-0.009888975;-0.006597138;-0.028920081;0;Positive;8;6.39546704;1.872183252;0.292735971
CH0008038389;44252;0.004230853;0.004230853;-0.005380792;-0.001149939;-0.005663185;0;Positive;8;5.189355225;1.007067236;0.194064039
CH0008038389;44609;0.002253955;0.002253955;-0.006174769;-0.003920814;-0.008966608;0;Negativ;8;5.024407034;1.46195178;0.290970013
CH0008038389;44966;0.00376612;0.00376612;-0.002538372;0.001227747;-0.003873794;0;Negativ;8;3.904217264;0.44017755;0.112744123
CH0008038389;45330;-0.002270706;0.002270706;-0.002340254;-0.004610959;-0.004276102;0;Negativ;8;5.062579238;1.066618854;0.210686846
CH0008702190;44987;0.01615502;0.01615502;0.003647607;0.019802627;0.008974338;0;Neutral;5;1.065033223;0.334461722;0.314038769
CH0008702190;45357;0.017107959;0.017107959;0.001940236;0.019048195;0.007304087;0;Negativ;5;2.47635123;0.271387662;0.109591749
CH0008742519;43867;0.025048406;0.025048406;0.000850193;0.025898599;0.001064729;0;Positive;20;32.11296518;2.155393975;0.06711912
CH0008742519;44231;-0.004453779;0.004453779;0.004659731;0.000205952;0.006999265;0;Positive;23;29.58175538;1.6225049;0.054848162
CH0008742519;44595;0.023944583;0.023944583;-0.00473857;0.019206013;-0.012165944;0;Positive;18;35.048894;2.856328011;0.081495525
CH0008742519;44966;0.034632262;0.034632262;-0.00119395;0.033438312;-0.003873794;0;Neutral;16;31.77381042;1.403166373;0.044161099
CH0008742519;45331;0.000538566;0.000538566;-0.001742177;-0.001203611;-0.005194151;0;Positive;15;35.28472734;1.138930013;0.032278272
CH0010570759;43893;0.050207001;0.050207001;0.007085112;0.057292113;0.015836892;0;Neutral;9;2312.244806;46.69175674;0.020193258
CH0010570759;44257;0.025922682;0.025922682;0.006629921;0.032552603;0.008703498;0;Negativ;10;1490.476111;113.2503844;0.07598269
CH0010570759;44628;0.005177272;0.005177272;-0.009271444;-0.004094172;-0.013097477;0;Positive;8;2156.771825;103.5089274;0.047992526
CH0010570759;44992;0.006926623;0.006926623;-0.006926623;0;-0.007529537;0;Positive;10;2549.33527;53.70042666;0.021064482
CH0010570759;45356;-0.002617269;0.002617269;-0.001100208;-0.003717476;-0.002190581;0;Neutral;12;3000.037345;342.6202408;0.114205325
CH0010570767;43893;0.053320454;0.053320454;0.007732876;0.06105333;0.015836892;0;Neutral;8;228.3835407;4.259260264;0.018649594
CH0010570767;44257;0.028745346;0.028745346;0.005370408;0.034115753;0.008703498;0;Neutral;8;145.1558767;7.511836397;0.051750136
CH0010570767;44628;0.012598091;0.012598091;-0.010491719;0.002106373;-0.013097477;0;Neutral;8;217.3128566;6.526957353;0.030034842
CH0010570767;44992;0.009585589;0.009585589;-0.007611255;0.001974334;-0.007529537;0;Neutral;7;251.564838;5.831312301;0.023180156
CH0010645932;43854;0.016686626;0.016686626;0.0034902;0.020176825;0.003487749;0;Positive;21;92.40179506;7.410175102;0.080195142
CH0010645932;44225;-0.018493504;0.018493504;-0.017556276;-0.03604978;-0.022532175;0;Negativ;22;98.40775025;7.928612588;0.080568985
CH0010645932;44589;-0.063725438;0.063725438;-0.003869565;-0.067595003;-0.005102198;0;Negativ;23;108.3627248;8.841584863;0.081592493
CH0010645932;44951;0.003581745;0.003581745;-0.002558378;0.001023367;-0.001732352;0;Neutral;21;100.4904925;7.685031998;0.076475215
CH0010645932;45316;0.078172837;0.078172837;0.001753911;0.079926748;0.001022953;0;Neutral;19;106.6683876;7.287017334;0.068314685
CH0010675863;44637;0.03554277;0.03554277;0.023191904;0.058734674;0.011759362;0;Positive;5;13.62855164;0.088071692;0.006462293
CH0010675863;45001;-0.038061317;0.038061317;0.038696036;0.000634719;0.018890218;0;Neutral;6;11.47578619;0.170865042;0.01488918
CH0010675863;45365;-0.022729894;0.022729894;-0.005771616;-0.02850151;-0.005680966;0;Neutral;6;15.56277669;0.50793401;0.03263775
CH0010702154;43858;0.020341812;0.020341812;0.006452541;0.026794353;0.00883828;0;Negativ;8;6.981565209;0.844013289;0.1208917
CH0010702154;44222;0.078394963;0.078394963;0.004089943;0.082484907;0.005695497;0;Positive;7;-1.164672573;1.025158328;-0.880211616
CH0010702154;44586;0.111983239;0.111983239;0.005518937;0.117502176;0.005367261;0;Positive;9;8.411644742;0.662687339;0.078782136
CH0010702154;44950;0.037276025;0.037276025;0.000529164;0.037805189;0;0;Neutral;8;12.64859975;1.141835229;0.090273647
CH0010702154;45314;0.001300931;0.001300931;-0.010746102;-0.009445171;-0.010158209;0;Negativ;6;11.7682553;1.248423686;0.106084008
CH0011029946;43895;0.010447206;0.010447206;-0.009705641;0.000741565;-0.010849529;0;Neutral;8;21.79498998;0.870776519;0.039953059
CH0011029946;44259;-0.041879837;0.041879837;-0.000845108;-0.042724945;-0.002112339;0;Neutral;9;19.48748137;1.083775367;0.055613927
CH0011029946;44623;0.022856424;0.022856424;-0.028554445;-0.005698021;-0.017393801;0;Neutral;8;30.72549996;1.439545851;0.046851828
CH0011029946;44939;0.026731539;0.026731539;0.000636189;0.027367729;0.000937764;0;Neutral;8;34.28189042;1.182704895;0.034499407
CH0011029946;45356;-0.058881474;0.058881474;-0.001377718;-0.060259192;-0.002190581;0;Positive;8;39.51485451;1.447558744;0.03663328
CH0011075394;43874;0.018398947;0.018398947;-0.000753506;0.017645441;-0.001245718;0;Neutral;27;26.69821819;1.226790409;0.045950273
CH0011075394;44238;-0.015302797;0.015302797;0.003910437;-0.011392361;0.003048977;0;Positive;22;19.91491029;1.862846618;0.093540297
CH0011075394;44602;-0.010028624;0.010028624;-0.002225066;-0.01225369;-0.002883557;0;Positive;22;28.28000993;1.834923197;0.064884107
CH0011075394;44966;-0.024761921;0.024761921;-0.002805607;-0.027567528;-0.003873794;0;Neutral;20;31.14923886;2.696343228;0.08656209
CH0011075394;45344;0.029217424;0.029217424;-0.003167386;0.026050038;-0.00376176;0;Negativ;19;33.46306626;2.057726398;0.061492464
CH0011108872;43868;-0.047351001;0.047351001;0.000378376;-0.046972624;-0.001378101;0;Positive;5;8.336907249;0.968905674;0.116218838
CH0011339204;44266;0.005070225;0.005070225;0.002876837;0.007947062;-0.000504509;0;Negativ;5;0.210708012;0.020240739;0.096060604
CH0011339204;44628;0.082365508;0.082365508;-0.015568027;0.066797481;-0.013097477;0;Positive;5;0.359480638;0.041056137;0.114209592
CH0011339204;44992;-0.054402263;0.054402263;-0.009913813;-0.064316076;-0.007529537;0;Negativ;5;0.352882711;0.068746149;0.194813027
CH0011432447;43879;-0.055399256;0.055399256;-0.004024164;-0.05942342;-0.002477395;0;Positive;9;-2.797617097;0.696592174;-0.248994823
CH0011432447;44243;-0.035321256;0.035321256;-0.001410753;-0.036732009;-0.001637796;0;Negativ;7;-1.014016344;1.805459048;-1.780502907
CH0011432447;44971;0.031108612;0.031108612;0.00380253;0.034911143;0.002317208;0;Positive;6;-1.736744825;0.391022989;-0.225147059
CH0011432447;45335;0.088148728;0.088148728;-0.003873331;0.084275397;-0.003705364;0;Negativ;7;1.739330787;2.104111051;1.209724491
CH0012005267;43859;0.004094622;0.004094622;0.008148372;0.012242994;0.007242725;0;Neutral;26;5.137296194;0.07496874;0.014593034
CH0012005267;44222;-0.026370814;0.026370814;0.00525094;-0.021119874;0.005695497;0;Positive;27;5.641193225;0.058592452;0.010386535
CH0012005267;44594;-0.031713105;0.031713105;0.000649906;-0.031063199;0.001519714;0;Positive;27;6.150425693;0.120222598;0.019547037
CH0012005267;44958;-0.025053255;0.025053255;-0.002486475;-0.02753973;-0.004823815;0;Neutral;22;5.866109181;0.077208066;0.013161717
CH0012005267;45322;-0.028468432;0.028468432;-0.00659203;-0.035060462;-0.008303501;0;Positive;24;6.302203315;0.634440001;0.100669555
CH0012032048;43860;0.01505629;0.01505629;-0.010306415;0.004749875;-0.010499953;0;Neutral;24;21.11084634;0.465515721;0.022051021
CH0012032048;44231;0.015780242;0.015780242;0.006279476;0.022059718;0.006999265;0;Neutral;27;20.62199312;0.5171179;0.025076039
CH0012032048;44595;-0.012772354;0.012772354;-0.011748752;-0.024521107;-0.012165944;0;Neutral;25;21.63371083;0.50547575;0.023365189
CH0012032048;44959;-0.022157178;0.022157178;0.002093243;-0.020063936;0.003260191;0;Neutral;20;21.83381959;0.385201914;0.017642443
CH0012032048;45323;-0.049918702;0.049918702;-0.006692333;-0.056611036;-0.008436727;0;Positive;19;19.76012285;0.64157397;0.032468116
CH0012100191;43907;0.069667852;0.069667852;0.024842648;0.0945105;0.026180799;0;Neutral;6;6.461712362;0.57252985;0.088603426
CH0012100191;44271;0.032190151;0.032190151;0.007382409;0.03957256;0.007233418;0;Positive;7;8.192529694;0.669764148;0.081753033
CH0012100191;44635;-0.172746851;0.172746851;-0.001073061;-0.173819912;-0.000598086;0;Negativ;7;12.31045596;1.777247587;0.144368949
CH0012100191;44999;0.022869637;0.022869637;0.014671119;0.037540755;0.008647286;0;Negativ;5;12.07037653;1.428759947;0.118369128
CH0012100191;45363;0.003876434;0.003876434;0.008022029;0.011898464;0.006375305;0;Neutral;6;10.45806649;0.987943888;0.094467165
CH0012138605;43887;0.01787712;0.01787712;0.002704275;0.020581395;0.002558973;0;Positive;19;4.24784;0.15371;0.03618545
CH0012138605;44252;-0.009365909;0.009365909;-0.008208048;-0.017573957;-0.005663185;0;Neutral;17;2.43406;0.34105;0.140115691
CH0012138605;44616;-0.025414636;0.025414636;-0.030460805;-0.055875441;-0.024314251;0;Positive;19;3.75691;0.25485;0.067835003
CH0012138605;44985;-0.013604678;0.013604678;-0.015843857;-0.029448536;-0.010267483;0;Neutral;12;3.35575;0.17844;0.053174402
CH0012138605;45351;-0.053907393;0.053907393;0.000598068;-0.053309325;0.00031412;0;Neutral;13;2.92715;0.46217;0.157890781
CH0012142631;43874;0.041499594;0.041499594;-0.001971483;0.039528111;-0.001245718;0;Negativ;13;1.002129433;0.159488938;0.159150039
CH0012142631;44238;-0.029562265;0.029562265;0.003210279;-0.026351986;0.003048977;0;Positive;16;0.507678607;0.411689401;0.810925249
CH0012142631;44606;-0.154688984;0.154688984;-0.019664403;-0.174353387;-0.017303757;0;Positive;17;0.973098551;0.179431706;0.184392121
CH0012142631;44987;-0.026149854;0.026149854;0.011779914;-0.01436994;0.008974338;0;Positive;16;1.19075567;0.437591588;0.367490661
CH0012142631;45351;-0.013532462;0.013532462;-0.000986849;-0.014519311;0.00031412;0;Positive;16;0.740936632;0.246932763;0.333271095
CH0012214059;43888;0.028071847;0.028071847;-0.034148255;-0.006076408;-0.028920081;0;Neutral;17;3.768832046;0.192372158;0.051042911
CH0012214059;44253;-0.006887254;0.006887254;-0.01831093;-0.025198184;-0.013252971;0;Neutral;18;3.193726875;0.201619899;0.063129975
CH0012214059;44617;-0.00456837;0.00456837;0.026666323;0.022097953;0.028746262;0;Positive;20;4.222673691;0.21549683;0.051033266
CH0012214059;44981;-0.00524;0.00524;-0.005286413;-0.010526413;-0.00539931;0;Negativ;19;4.874740495;0.337015759;0.069135118
CH0012214059;45350;0.002837735;0.002837735;-0.003403026;-0.000565291;-0.003324659;0;Neutral;20;5.488518035;0.268109982;0.048849249
CH0012221716;43866;0.02768418;0.02768418;0.019247927;0.046932107;0.015726474;0;Positive;17;0.968119047;0.106796378;0.11031327
CH0012221716;44231;-0.060518473;0.060518473;0.0093483;-0.051170173;0.006999265;0;Positive;17;0.74315441;0.115812099;0.155838541
CH0012221716;44595;-0.008619205;0.008619205;-0.016239595;-0.0248588;-0.012165944;0;Neutral;24;1.475404276;0.285981403;0.19383257
CH0012221716;44959;-0.032613228;0.032613228;0.00437979;-0.028233438;0.003260191;0;Positive;19;1.191253279;0.184072597;0.154520118
CH0012221716;45323;0.026008013;0.026008013;-0.009518925;0.016489088;-0.008436727;0;Neutral;20;1.939110273;0.082884271;0.042743454
CH0012255151;43867;0.001610443;0.001610443;0.000374079;0.001984521;0.001064729;0;Neutral;23;15.93732615;1.040131367;0.065263857
CH0012255151;44235;0.003174319;0.003174319;0.003499788;0.006674107;0.002874208;0;Negativ;22;0.154157387;0.820877975;5.324934413
CH0012255151;44609;0.003520977;0.003520977;-0.011508517;-0.00798754;-0.008966608;0;Positive;24;13.47804439;0.907534305;0.067334272
CH0012255151;44963;0.003205077;0.003205077;-0.007211863;-0.004006786;-0.006387817;0;Neutral;21;17.30431033;0.781109498;0.045139591
CH0012255151;45313;-0.006362161;0.006362161;0.009184364;0.002822203;0.011057605;0;Negativ;21;18.87174382;1.109579877;0.058795832
CH0012410517;43902;-0.046722491;0.046722491;-0.071759112;-0.118481604;-0.095497604;0;Positive;11;14.32660174;1.622472975;0.113248976
CH0012410517;44264;-0.047726883;0.047726883;0.004755067;-0.042971816;0.004378874;0;Neutral;11;10.76362504;0.716577509;0.066573994
CH0012410517;44630;0.015843027;0.015843027;-0.006344991;0.009498036;-0.009431449;0;Positive;10;13.13732528;1.325651365;0.10090725
CH0012410517;44994;-0.060185973;0.060185973;-0.003588508;-0.063774482;-0.005044872;0;Neutral;6;13.46349703;0.721579164;0.053595226
CH0012410517;45377;-0.003822967;0.003822967;0.001674739;-0.002148229;0.002583345;0;Negativ;6;6.686254738;1.164927976;0.17422728
CH0012453913;43873;0.006164979;0.006164979;-0.004005484;0.002159495;-0.001803539;0;Positive;18;3.368919924;0.102366407;0.030385527
CH0012453913;44244;0.000825878;0.000825878;-0.014187054;-0.013361176;-0.009628859;0;Neutral;19;3.304622059;0.115140301;0.034842199
CH0012453913;44606;-0.004736043;0.004736043;-0.012671634;-0.017407677;-0.017303757;0;Neutral;15;3.802638425;0.059322667;0.015600396
CH0012453913;44977;-0.009185334;0.009185334;-0.000163259;-0.009348593;0.000624766;0;Neutral;18;2.792994485;0.255536305;0.091491876
CH0012453913;45341;0.074069059;0.074069059;0.010354567;0.084423626;0.006787356;0;Neutral;15;3.076123181;0.06531043;0.021231409
CH0012829898;43892;0.041599628;0.041599628;0.008556656;0.050156285;0.012446707;0;Negativ;6;35.05574733;1.760986888;0.050233899
CH0012829898;44257;-0.02678783;0.02678783;0.00548137;-0.02130646;0.008703498;0;Neutral;7;37.85340699;1.585375594;0.041881979
CH0012829898;44624;0.017648568;0.017648568;-0.018594194;-0.000945627;-0.032511354;0;Neutral;7;42.67110734;0.681087044;0.015961316
CH0012829898;44963;0.007435316;0.007435316;-0.005136464;0.002298852;-0.006387817;0;Negativ;7;38.62888697;1.28413763;0.033242936
CH0012829898;45316;-0.055807457;0.055807457;0.000925477;-0.05488198;0.001022953;0;Negativ;6;39.26813038;3.709120801;0.094456262
CH0012949464;43942;0.021494647;0.021494647;0.001627771;0.023122417;-0.022920784;0;Neutral;5;-1.7548572;0.370090532;-0.210894956
CH0012949464;44334;-0.084285037;0.084285037;-0.000272351;-0.084557388;0.002890264;0;Negativ;5;-1.560048066;0.6559085;-0.420441212
CH0012949464;44637;-0.002254926;0.002254926;0.002254926;0;0.011759362;0;Neutral;6;-2.143868886;0.45310736;-0.211350313
CH0013841017;43851;0.065921179;0.065921179;0.006260217;0.072181396;0.004552936;0;Neutral;16;13.76426675;0.330971206;0.024045684
CH0013841017;44223;-0.013055944;0.013055944;-0.00442937;-0.017485314;-0.005568577;0;Negativ;18;14.26228259;0.984400162;0.069021221
CH0013841017;44587;-0.018509679;0.018509679;0.01553987;-0.002969809;0.01289147;0;Negativ;18;14.29976307;0.917495048;0.064161556
CH0013841017;44951;0.075073662;0.075073662;-0.00320309;0.071870571;-0.001732352;0;Neutral;13;15.74711428;0.571039996;0.036263152
CH0013841017;45317;0.1115766;0.1115766;0.022663427;0.134240026;0.015974983;0;Negativ;18;14.38602566;0.891135263;0.061944507
CH0014284498;43894;-0.057362308;0.057362308;0.015688376;-0.041673932;0.014719056;0;Neutral;6;17.32186934;0.987007408;0.056980421
CH0014284498;44251;0.062748301;0.062748301;0.009100993;0.071849294;0.010126179;0;Neutral;7;17.24811089;0.537050026;0.031136745
CH0014284498;44615;0.010853613;0.010853613;-0.002821156;0.008032457;-0.001693481;0;Neutral;9;22.86512889;0.905778405;0.039613965
CH0014284498;44979;-0.109592623;0.109592623;0.001338283;-0.108254339;0.001185611;0;Positive;9;34.21085077;2.754485805;0.080514975
CH0014284498;45342;-0.082201986;0.082201986;0.004255655;-0.077946332;0.003189197;0;Negativ;11;33.62001699;3.003546932;0.089338055
CH0014786500;44958;0.008282262;0.008282262;-0.005693025;0.002589238;-0.004823815;0;Neutral;5;8.467908038;0.120859136;0.014272608
CH0014786500;45322;0.0096488;0.0096488;-0.008038234;0.001610566;-0.008303501;0;Neutral;5;9.991816487;1.351319432;0.135242619
CH0014852781;43889;0.0055929;0.0055929;-0.036176323;-0.030583423;-0.036615005;0;Positive;11;38.80026282;1.276560655;0.032900825
CH0014852781;44257;-0.016143839;0.016143839;0.008209711;-0.007934128;0.008703498;0;Neutral;14;36.06436827;1.863531453;0.051672372
CH0014852781;44621;-0.004251648;0.004251648;-0.011278337;-0.015529985;-0.010105521;0;Positive;13;42.55933632;1.734690954;0.040759352
CH0014852781;44986;0.010166698;0.010166698;-0.004572278;0.00559442;-0.00266278;0;Positive;9;45.87428415;1.57540421;0.034341772
CH0014852781;45365;0.013357543;0.013357543;-0.007184684;0.006172859;-0.005680966;0;Negativ;9;41.76606322;4.857894496;0.116312004
CH0016440353;43868;-0.00554773;0.00554773;0.000847369;-0.004700361;-0.001378101;0;Neutral;7;23.67713158;0.283987576;0.011994171
CH0016440353;44239;-0.001655237;0.001655237;0.001655237;0;0.002407197;0;Neutral;7;19.42937513;0.389235164;0.020033334
CH0016440353;44603;-0.003294244;0.003294244;-0.004857975;-0.008152219;-0.006532815;0;Neutral;8;24.48177014;0.565484966;0.023098206
CH0016440353;44967;0.000170077;0.000170077;-0.006149168;-0.005979091;-0.008992357;0;Neutral;7;24.05416058;0.584736016;0.024309142
CH0016440353;45331;-0.020783298;0.020783298;-0.001958556;-0.022741854;-0.005194151;0;Positive;7;19.4205637;0.605029965;0.031154089
CH0018294154;43886;0.005080995;0.005080995;-0.006900832;-0.001819837;-0.019968793;0;Positive;9;5.007092795;0.696858219;0.139174217
CH0018294154;44250;0.005232499;0.005232499;-0.007331135;-0.002098637;-0.010703565;0;Positive;10;4.807122378;0.362034675;0.07531214
CH0018294154;44614;0.009920794;0.009920794;0.000388575;0.01030937;0.005440996;0;Negativ;12;7.236255858;3.296122456;0.455501093
CH0018294154;44978;-0.005610096;0.005610096;-0.0000879;-0.005698021;0.000312237;0;Neutral;10;5.23332722;0.384914585;0.073550644
CH0018294154;45349;0.019654104;0.019654104;-0.000329831;0.019324273;-0.001376807;0;Positive;10;5.593020695;0.548628325;0.098091596
CH0022268228;43887;0.012275485;0.012275485;0.001517837;0.013793322;0.002558973;0;Negativ;5;0.470581226;0.045951373;0.097648122
CH0022268228;44260;0.012179541;0.012179541;-0.009198912;0.002980628;-0.011860394;0;Positive;6;0.371750655;0.031680695;0.08522028
CH0022268228;44615;0.040467122;0.040467122;-0.00184163;0.038625491;-0.001693481;0;Negativ;6;0.689770768;0.091072685;0.132033263
CH0023405456;43902;-0.415055697;0.415055697;-0.116194049;-0.531249746;-0.095497604;0;Neutral;12;7.31238743;1.163576465;0.159124017
CH0023405456;44264;0.022609303;0.022609303;0.00957013;0.032179433;0.004378874;0;Negativ;11;-17.1018923;9.247804369;-0.540747433
CH0023405456;44628;0.063184002;0.063184002;-0.020390186;0.042793816;-0.013097477;0;Positive;7;-5.862428979;5.059865574;-0.863100533
CH0023405456;44992;0.031673244;0.031673244;-0.009597292;0.022075952;-0.007529537;0;Positive;9;1.301143257;0.829146668;0.637244718
CH0023405456;45358;0.002849155;0.002849155;0.004148774;0.006997929;0.004158784;0;Positive;11;2.153329462;0.536113546;0.248969587
CH0023868554;43886;0.137166524;0.137166524;-0.02226488;0.114901643;-0.019968793;0;Negativ;6;2.11709407;0.232853637;0.109987383
CH0023868554;44258;-0.01072633;0.01072633;-0.006466071;-0.017192401;-0.003510679;0;Negativ;5;-5.648677407;5.044403012;-0.893023738
CH0023868554;44621;0.037522639;0.037522639;-0.011836295;0.025686344;-0.010105521;0;Positive;5;2.570212071;0.943269533;0.367000663
CH0024608827;43907;-0.102170179;0.102170179;0.027417752;-0.074752427;0.026180799;0;Positive;16;32.90091737;0.533612719;0.016218779
CH0024608827;44271;0.017583;0.017583;0.010288744;0.027871744;0.007233418;0;Positive;16;27.77794581;0.850068484;0.03060228
CH0024608827;44642;0.014402877;0.014402877;0.003017049;0.017419926;0.002115919;0;Positive;15;52.97079164;3.335561036;0.062969817
CH0024608827;45006;0.046513468;0.046513468;0.020581787;0.067095255;0.011597732;0;Positive;17;39.40415411;1.686302604;0.042795046
CH0024608827;45370;-0.027991864;0.027991864;-0.003781745;-0.031773608;-0.003895988;0;Negativ;16;44.11752206;1.314743501;0.029800937
CH0024638196;43875;-0.032951901;0.032951901;0.004849868;-0.028102033;0.004725495;0;Neutral;17;8.813809716;0.251859925;0.028575603
CH0024638196;44244;-0.01692021;0.01692021;-0.006374016;-0.023294226;-0.009628859;0;Positive;18;7.716201885;0.589386491;0.07638298
CH0024638196;44608;-0.052302216;0.052302216;-0.000759426;-0.053061641;0.00040063;0;Positive;18;8.476442777;0.391767916;0.046218435
CH0024638196;44979;0.079632135;0.079632135;0.001523082;0.081155218;0.001185611;0;Positive;15;6.675112754;0.553576771;0.082931449
CH0024638196;45336;0.03562793;0.03562793;0.006701667;0.042329597;0.007015782;0;Neutral;14;8.786417674;0.433281652;0.049312663
CH0024638212;44244;-0.016636731;0.016636731;-0.006893766;-0.023530497;-0.009628859;0;Positive;5;7.881543823;0.699103643;0.088701358
CH0024638212;44608;-0.057685699;0.057685699;-0.000725063;-0.058410762;0.00040063;0;Neutral;5;8.65392703;0.481382672;0.055625922
CH0024638212;44979;0.071446606;0.071446606;0.001414743;0.072861348;0.001185611;0;Positive;5;6.573238623;0.495802337;0.075427406
CH0024638212;45336;0.033989746;0.033989746;0.006410299;0.040400045;0.007015782;0;Positive;13;8.718927259;0.385287049;0.044189731
CH0025238863;43888;-0.017739239;0.017739239;-0.030231589;-0.047970828;-0.028920081;0;Neutral;20;6.961186126;0.158031009;0.022701736
CH0025238863;44258;0.070311676;0.070311676;-0.001529132;0.068782544;-0.003510679;0;Neutral;20;6.84295552;0.242090735;0.035378096
CH0025238863;44622;0.018121265;0.018121265;0.000853167;0.018974432;0.000997565;0;Positive;19;16.34578043;1.239814455;0.075849205
CH0025238863;44986;0.053772981;0.053772981;-0.003995358;0.049777624;-0.00266278;0;Positive;11;23.62822179;0.32567158;0.013783161
CH0025238863;45352;-0.151192131;0.151192131;0.005684547;-0.145507584;0.005449946;0;Neutral;17;13.06476936;0.296076682;0.02266222
CH0030170408;43851;0.00526685;0.00526685;0.00480685;0.0100737;0.004552936;0;Neutral;20;19.1769299;0.410486876;0.021405245
CH0030170408;44265;-0.015418042;0.015418042;0.004576879;-0.010841162;0.004359783;0;Positive;21;19.04870663;0.451064131;0.023679515
CH0030170408;44575;-0.015472044;0.015472044;-0.009385253;-0.024857297;-0.008953799;0;Neutral;19;22.91183583;0.723207362;0.031564793
CH0030170408;44945;-0.000348869;0.000348869;-0.013643045;-0.013991914;-0.009917437;0;Positive;20;20.08797601;0.834456936;0.04154012
CH0030170408;45308;-0.040793295;0.040793295;-0.009664279;-0.050457574;-0.007170784;0;Neutral;20;19.77707527;0.426971053;0.021589191
CH0030380734;43936;-0.031853342;0.031853342;-0.024476915;-0.056330256;-0.020258856;0;Neutral;5;3.378138953;0.043269635;0.01280872
CH0030380734;44274;-0.008697269;0.008697269;0.000455464;-0.008241805;-0.000312568;0;Positive;6;2.373657678;0.162489931;0.068455503
CH0030380734;44628;0.029111945;0.029111945;-0.012223727;0.016888218;-0.013097477;0;Positive;6;4.230655055;0.086858525;0.020530751
CH0030380734;44992;-0.067348559;0.067348559;-0.006325894;-0.073674452;-0.007529537;0;Neutral;5;4.570661165;0.118283816;0.025878929
CH0030380734;45356;0.088901174;0.088901174;-0.003176632;0.085724541;-0.002190581;0;Positive;5;3.328122405;0.168949515;0.050764213
CH0030486770;43867;-0.021978921;0.021978921;0.001523662;-0.020455259;0.001064729;0;Negativ;6;7.761429615;0.438719621;0.05652562
CH0030486770;44610;-0.040607789;0.040607789;-0.005842508;-0.046450298;-0.005674267;0;Negativ;7;9.323297431;1.135301153;0.121770346
CH0030486770;44966;-0.027632599;0.027632599;-0.006994078;-0.034626677;-0.003873794;0;Negativ;6;7.316069499;0.523141169;0.071505768
CH0030486770;45329;0.014522484;0.014522484;-0.003001619;0.011520865;-0.002798272;0;Negativ;6;4.969378189;0.282997887;0.05694835
CH0033361673;43936;-0.012786396;0.012786396;-0.02518392;-0.037970315;-0.020258856;0;Positive;5;2.018540186;0.268461162;0.13299768
CH0033361673;44267;-0.147973672;0.147973672;-0.004652505;-0.152626176;-0.004045262;0;Negativ;6;-8.559566023;1.380190686;-0.161245405
CH0033361673;44630;0.005821487;0.005821487;-0.011542163;-0.005720676;-0.009431449;0;Positive;7;1.678214821;0.541317396;0.322555485
CH0033361673;44995;0.11846514;0.11846514;-0.009568992;0.108896148;-0.01593942;0;Positive;6;12.87997418;0.504613763;0.039178166
CH0038388911;43880;-0.015509785;0.015509785;0.011760416;-0.003749368;0.010179932;0;Positive;8;6.537673664;1.072301586;0.16401883
CH0038388911;44251;-0.002919027;0.002919027;0.01135566;0.008436633;0.010126179;0;Negativ;7;5.113702536;1.253914865;0.245206845
CH0038388911;44610;-0.027227886;0.027227886;-0.007553103;-0.034780989;-0.005674267;0;Positive;9;5.431818424;0.836266045;0.153956922
CH0038388911;44977;-0.010386818;0.010386818;0.001002951;-0.009383866;0.000624766;0;Negativ;5;5.426050559;1.683961403;0.310347533
CH0038388911;45344;0.09296702;0.09296702;-0.00395878;0.08900824;-0.00376176;0;Neutral;6;6.972168483;0.410327248;0.05885217
CH0038863350;43874;-0.021428735;0.021428735;-0.001048366;-0.022477101;-0.001245718;0;Positive;28;4.676430202;0.102023117;0.021816452
CH0038863350;44245;-0.005153034;0.005153034;-0.006069529;-0.011222563;-0.007411227;0;Positive;26;4.496296136;0.055699279;0.012387814
CH0038863350;44609;0.0070186;0.0070186;-0.006336821;0.000681779;-0.008966608;0;Positive;26;4.725659256;0.107067339;0.022656593
CH0038863350;44973;-0.020427891;0.020427891;-0.005191076;-0.025618967;-0.006508973;0;Neutral;20;5.080829957;0.076259273;0.015009216
CH0038863350;45344;-0.04724167;0.04724167;-0.003244848;-0.050486517;-0.00376176;0;Neutral;23;5.160909644;0.163213575;0.031624963
CH0042615283;43909;-0.024455914;0.024455914;0.035167569;0.010711656;0.048766563;0;Negativ;7;-5.035857631;1.442785864;-0.286502513
CH0042615283;44217;0.082304459;0.082304459;0.002746774;0.085051233;-0.001392934;0;Negativ;11;-9.406016289;3.052605716;-0.324537575
CH0042615283;44581;0.050472762;0.050472762;0.001606387;0.052079149;0.00416124;0;Negativ;9;-19.23224608;2.338018227;-0.121567612
CH0042615283;44945;0.004352232;0.004352232;-0.026866113;-0.022513881;-0.009917437;0;Negativ;13;-14.46681834;1.218051936;-0.084196256
CH0042615283;45307;0.016115056;0.016115056;0.009289674;0.02540473;0.002299292;0;Negativ;10;-7.273576717;5.012828735;-0.689183455
CH0100837282;43895;-0.016059956;0.016059956;-0.013314652;-0.029374609;-0.010849529;0;Neutral;5;5.58206;0.22478;0.040268288
CH0100837282;44623;-0.029908591;0.029908591;-0.027249823;-0.057158414;-0.017393801;0;Negativ;6;6.06593;0.35122;0.057900437
CH0100837282;44987;0.039863089;0.039863089;0.011996296;0.051859386;0.008974338;0;Neutral;5;5.1036;0.59279;0.116151344
CH0100837282;45358;0.014937307;0.014937307;0.005983958;0.020921265;0.004158784;0;Positive;6;8.0405;0.26842;0.033383496
CH0102484968;43864;-0.040449499;0.040449499;0.004618479;-0.03583102;0.003486349;0;Neutral;17;3.809143255;0.198970086;0.052234866
CH0102484968;44228;-0.041125192;0.041125192;0.020166341;-0.020958851;0.013965443;0;Neutral;20;4.574385802;0.3958863;0.086544143
CH0102484968;44594;-0.060222853;0.060222853;0.001372225;-0.058850628;0.001519714;0;Neutral;19;5.743389594;0.33011986;0.057478229
CH0102484968;44959;0.02691483;0.02691483;0.005702129;0.032616958;0.003260191;0;Neutral;17;5.259687006;0.323053693;0.061420707
CH0102484968;45323;0.022578676;0.022578676;-0.013738374;0.008840302;-0.008436727;0;Negativ;17;4.333220905;0.586140736;0.135266756
CH0110240600;43886;0.003272788;0.003272788;-0.019358926;-0.016086138;-0.019968793;0;Negativ;5;0.568273123;0.139822857;0.246048689
CH0110240600;44985;-0.046183246;0.046183246;-0.015826829;-0.062010075;-0.010267483;0;Negativ;5;0.436101734;0.057433896;0.131698389
CH0110240600;45349;0.196949945;0.196949945;-0.002259854;0.194690092;-0.001376807;0;Negativ;5;-0.084708877;0.119667252;-1.412688448
CH0111677362;43894;-0.009183485;0.009183485;0.004914535;-0.00426895;0.014719056;0;Neutral;7;4.90344148;0.316530258;0.064552674
CH0118530366;45006;-0.007379454;0.007379454;0.007379454;0;0.011597732;0;Neutral;7;-0.730177754;0.472315843;-0.646850497
CH0126673539;43871;0.13483174;0.13483174;0.00229299;0.13712473;0.003878884;0;Neutral;6;2.883581709;0.114207999;0.039606299
CH0126673539;44236;-0.028437197;0.028437197;0.001732427;-0.026704771;0.001338475;0;Positive;8;2.566274598;0.073939357;0.028811943
CH0126673539;44601;0.023528769;0.023528769;0.013326323;0.036855092;0.017657234;0;Positive;7;2.998715546;0.152444054;0.05083645
CH0126673539;44966;0.011317791;0.011317791;-0.002490496;0.008827296;-0.003873794;0;Neutral;6;3.411948011;0.12176369;0.03568744
CH0126673539;45338;0.004327599;0.004327599;0.000363574;0.004691174;0.001893581;0;Negativ;7;3.276158404;0.11157947;0.03405802
CH0126881561;43881;-0.078409855;0.078409855;-0.006424566;-0.084834421;-0.008011876;0;Negativ;15;4.031857782;0.528062279;0.130972447
CH0126881561;44246;-0.000944705;0.000944705;0.000217873;-0.000726832;0.000705151;0;Negativ;19;-1.619801858;0.424410694;-0.262013957
CH0126881561;44617;-0.065473035;0.065473035;0.02262995;-0.042843085;0.028746262;0;Negativ;15;6.479840284;0.555917548;0.08579186
CH0126881561;44974;-0.004451243;0.004451243;0.004243235;-0.000208008;0.004698226;0;Neutral;12;1.634727452;0.361962707;0.221420829
CH0126881561;45338;-0.027670668;0.027670668;0.001758683;-0.025911985;0.001893581;0;Neutral;18;11.13333496;0.526981561;0.047333666
CH0127480363;43894;-0.023357962;0.023357962;0.016249175;-0.007108787;0.014719056;0;Negativ;5;-14.7798368;6.837496267;-0.462623259
CH0127480363;44258;-0.006533227;0.006533227;-0.000909482;-0.007442709;-0.003510679;0;Negativ;6;-4.21558624;1.677757223;-0.397989064
CH0127480363;45314;0.007510606;0.007510606;-0.010630733;-0.003120127;-0.010158209;0;Negativ;5;11.04319626;3.92982148;0.355859064
CH0130293662;44271;0.015656506;0.015656506;0.006649251;0.022305758;0.007233418;0;Positive;5;5.932388296;0.80768212;0.136147885
CH0130293662;44635;-0.032492337;0.032492337;-0.000698483;-0.03319082;-0.000598086;0;Neutral;5;6.378280503;0.191903918;0.030087093
CH0130293662;45363;0.088576644;0.088576644;0.0027303;0.091306944;0.006375305;0;Positive;5;8.867189079;0.982069604;0.110753204
CH0225173167;43882;0.024717833;0.024717833;-0.002703084;0.02201475;-0.003968013;0;Neutral;5;5.810220216;0.067490415;0.01161581
CH0225173167;44246;-0.01952612;0.01952612;0.0000283;-0.019497796;0.000705151;0;Neutral;5;5.74658214;0.396301331;0.068962963
CH0238627142;43880;0.002305418;0.002305418;0.009738652;0.01204407;0.010179932;0;Positive;6;9.754291092;0.271887828;0.027873664
CH0238627142;44258;0.07650017;0.07650017;-0.001409718;0.075090451;-0.003510679;0;Neutral;6;8.811425948;0.35715008;0.040532609
CH0238627142;44622;-0.047258061;0.047258061;0.002168456;-0.045089605;0.000997565;0;Negativ;6;13.80119386;0.257308536;0.018643933
CH0238627142;44938;0.018049922;0.018049922;0.00520694;0.023256862;0.003948239;0;Neutral;6;14.56545736;0.377305685;0.025904143
CH0238627142;45302;0.016748332;0.016748332;-0.009422292;0.00732604;-0.00805734;0;Neutral;7;10.79962631;0.43069569;0.03988061
CH0239229302;43896;0.055391977;0.055391977;-0.042530063;0.012861914;-0.038611102;0;Neutral;7;5.571907327;0.259075078;0.04649666
CH0239229302;44260;0.007554638;0.007554638;-0.009274329;-0.001719691;-0.011860394;0;Positive;8;4.910007482;0.383116118;0.078027604
CH0239229302;44624;-0.054545062;0.054545062;-0.034968909;-0.08951397;-0.032511354;0;Neutral;6;6.929239386;0.410284681;0.059210637
CH0239229302;44988;0.03277032;0.03277032;0.003140181;0.035910501;0.002952727;0;Neutral;7;7.453380887;0.315891749;0.042382344
CH0239229302;45358;-0.008564767;0.008564767;0.00328771;-0.005277057;0.004158784;0;Neutral;6;7.354209777;0.220956083;0.030044844
CH0244017502;43907;-0.016153135;0.016153135;0.026597095;0.010443959;0.026180799;0;Positive;6;57.00272137;8.994763202;0.15779533
CH0244017502;44230;0.016973755;0.016973755;-0.001809184;0.01516457;-0.001850021;0;Positive;6;29.43545165;7.826217008;0.265877252
CH0244017502;44960;-0.014266285;0.014266285;0.011388585;-0.0028777;0.012441066;0;Positive;6;17.67712517;0.579234196;0.032767443
CH0244767585;43851;-0.050519943;0.050519943;0.004167258;-0.046352684;0.004552936;0;Neutral;18;1.179784035;0.05723912;0.048516608
CH0244767585;44222;0.015219893;0.015219893;0.008490587;0.02371048;0.005695497;0;Positive;21;1.499569524;0.108821507;0.072568497
CH0244767585;44593;0.066140278;0.066140278;0.011199725;0.077340003;0.00905342;0;Neutral;21;2.025499576;0.200332051;0.098905008
CH0244767585;44957;-0.009675204;0.009675204;-0.011196004;-0.020871208;-0.007595604;0;Positive;20;2.04168114;0.129131221;0.063247497
CH0244767585;45328;-0.042943635;0.042943635;-0.002428253;-0.045371889;-0.00222032;0;Negativ;11;1.067408815;0.278932394;0.261317304
CH0256379097;43910;-0.026783384;0.026783384;-0.012226269;-0.039009654;-0.01538004;0;Neutral;5;-1.7548572;0.370090532;-0.210894956
CH0256379097;44232;0.017871309;0.017871309;-0.009741183;0.008130126;-0.008724781;0;Negativ;5;-1.560048066;0.6559085;-0.420441212
CH0256379097;44635;-0.125566079;0.125566079;0.000061;-0.125505082;-0.000598086;0;Neutral;6;-2.143868886;0.45310736;-0.211350313
CH0276534614;43887;0.000455711;0.000455711;0.00283557;0.003291281;0.002558973;0;Neutral;5;2.53099;0.24336;0.096152099
CH0276534614;44251;0.059500135;0.059500135;0.009700399;0.069200534;0.010126179;0;Positive;5;3.11827;0.10334;0.033140171
CH0276534614;44575;-0.013066463;0.013066463;-0.00780195;-0.020868412;-0.008953799;0;Neutral;5;4.97483;0.24924;0.050100204
CH0311864901;43893;0.007447051;0.007447051;0.024964056;0.032411107;0.015836892;0;Negativ;12;3.004898443;0.365716744;0.121706857
CH0311864901;44210;0.008386213;0.008386213;0.003079924;0.011466137;0.001593524;0;Neutral;12;4.894087321;0.322404542;0.065876336
CH0311864901;44573;0.03919157;0.03919157;-0.000219273;0.038972297;-0.00109505;0;Neutral;13;7.561257004;0.252945391;0.033452823
CH0311864901;44938;0.001308599;0.001308599;0.007425081;0.00873368;0.003948239;0;Neutral;13;10.54710659;0.387936862;0.036781354
CH0311864901;45302;0.007628118;0.007628118;-0.009126994;-0.001498876;-0.00805734;0;Neutral;15;6.423114485;0.297641029;0.046339051
CH0319416936;43900;-0.070716443;0.070716443;-0.002131289;-0.072847733;-0.001861158;0;Neutral;16;10.30373884;0.208281677;0.020214184
CH0319416936;44267;0.020772781;0.020772781;-0.003812956;0.016959825;-0.004045262;0;Positive;19;-2.971919446;2.183467093;-0.734699285
CH0319416936;44628;0.065155492;0.065155492;-0.005909518;0.059245974;-0.013097477;0;Positive;12;-0.579532167;0.343805239;-0.593246171
CH0319416936;44999;0.008435156;0.008435156;0.00685926;0.015294416;0.008647286;0;Positive;14;5.672770485;0.914206726;0.161157009
CH0319416936;45359;0.014142828;0.014142828;0.004509458;0.018652286;0.005497744;0;Neutral;15;10.04686662;0.832637185;0.08287531
CH0360674466;43851;0.010789526;0.010789526;0.003485102;0.014274628;0.004552936;0;Negativ;10;2.938312583;0.112728786;0.038365144
CH0360674466;44264;-0.006664155;0.006664155;0.001505072;-0.005159083;0.004378874;0;Positive;10;2.873823161;0.085166476;0.029635253
CH0360674466;44628;0.029800539;0.029800539;-0.010887446;0.018913093;-0.013097477;0;Positive;9;3.510618955;0.198203875;0.056458385
CH0360674466;44991;-0.012523255;0.012523255;-0.00117559;-0.013698844;-0.004842015;0;Positive;5;3.517546779;0.086475419;0.024584014
CH0360674466;45309;-0.005602478;0.005602478;0.001578328;-0.00402415;0.003079492;0;Positive;5;3.350470224;0.133107869;0.039728116
CH0360826991;44223;0.009304129;0.009304129;-0.00443794;0.00486619;-0.005568577;0;Positive;5;3.293642912;0.259628453;0.078827141
CH0360826991;44581;0.026343334;0.026343334;0.008342224;0.034685558;0.00416124;0;Positive;5;9.228798081;2.360578883;0.255783999
CH0360826991;44987;-0.042990706;0.042990706;0.013791551;-0.029199155;0.008974338;0;Neutral;5;10.80889533;0.477168512;0.044145909
CH0363463438;43867;-0.015682521;0.015682521;0.002887329;-0.012795192;0.001064729;0;Neutral;8;-3.824808012;0.329172738;-0.086062552
CH0363463438;44231;-0.018936093;0.018936093;0.007754463;-0.01118163;0.006999265;0;Negativ;12;-3.1202664;0.238259681;-0.076358763
CH0363463438;44599;0.014847295;0.014847295;0.00061195;0.015459245;0.00320715;0;Neutral;10;-3.866917689;0.317583798;-0.082128409
CH0363463438;44964;-0.08678948;0.08678948;-0.006265415;-0.093054895;-0.004989719;0;Positive;11;-4.993332923;0.433792459;-0.086874331
CH0363463438;45433;-0.008428757;0.008428757;-0.01159011;-0.020018867;-0.002576935;0;Positive;7;-2.272783878;0.608914229;-0.267915588
CH0406705126;45363;-0.075287456;0.075287456;0.005878005;-0.069409451;0.006375305;0;Negativ;5;-0.109397897;0.219891901;-2.010019452
CH0418792922;43882;0.049930589;0.049930589;-0.004125028;0.045805561;-0.003968013;0;Negativ;12;5.478323172;0.238738562;0.043578766
CH0418792922;44246;0.00134956;0.00134956;0.001873649;0.00322321;0.000705151;0;Neutral;18;5.692425924;0.398568039;0.070017255
CH0418792922;44610;-0.023480671;0.023480671;-0.008054985;-0.031535656;-0.005674267;0;Neutral;19;7.401948977;0.490811324;0.066308391
CH0418792922;44974;0.039538223;0.039538223;0.008169104;0.047707327;0.004698226;0;Neutral;23;8.002190123;0.471507065;0.058922252
CH0418792922;45338;0.025665368;0.025665368;0.00224713;0.027912498;0.001893581;0;Neutral;23;7.317452935;0.435803763;0.059556757
CH0432492467;44250;0.021306692;0.021306692;-0.01418261;0.007124082;-0.010703565;0;Neutral;9;0.985517636;0.07663363;0.077759775
CH0432492467;44607;0.007451383;0.007451383;0.013466964;0.020918347;0.012905635;0;Neutral;10;2.047912308;0.021244388;0.010373681
CH0432492467;44984;0.001630967;0.001630967;0.005274931;0.006905897;0.004522337;0;Neutral;15;2.205570595;0.075874207;0.034401169
CH0432492467;45349;0.008374742;0.008374742;-0.001301576;0.007073166;-0.001376807;0;Positive;27;2.661477896;0.085863548;0.032261605
CH0435377954;43886;-0.023281002;0.023281002;-0.011614374;-0.034895376;-0.019968793;0;Neutral;12;0.67642;0.0216;0.031932823
CH0435377954;44250;-0.09919763;0.09919763;-0.007164388;-0.106362018;-0.010703565;0;Neutral;13;0.69826;0.03247;0.046501303
CH0435377954;44621;0.020228546;0.020228546;-0.010603832;0.009624713;-0.010105521;0;Neutral;13;0.77036;0.03399;0.044122229
CH0435377954;44985;0.074312241;0.074312241;-0.010885189;0.063427052;-0.010267483;0;Neutral;12;0.77824;0.06818;0.087607936
CH0435377954;45349;0.025323426;0.025323426;-0.002112647;0.023210779;-0.001376807;0;Neutral;13;0.81555;0.09006;0.110428545
CH0466642201;43894;-0.012786721;0.012786721;0.01048875;-0.002297971;0.014719056;0;Neutral;8;11.52309972;0.713853204;0.061949755
CH0466642201;44280;0.002678186;0.002678186;0.001873484;0.004551669;0.001549091;0;Neutral;6;5.003251098;0.880025204;0.175890673
CH0466642201;44644;-0.005251907;0.005251907;0.001907422;-0.003344485;0.002188059;0;Neutral;6;9.550149082;0.734445123;0.076904048
CH0466642201;44991;0.047276484;0.047276484;-0.003650827;0.043625658;-0.004842015;0;Positive;5;10.30170625;0.497036788;0.048248006
CH0466642201;45393;-0.000147345;0.000147345;-0.001497392;-0.001644737;-0.002183884;0;Negativ;5;6.441918579;1.02177423;0.158613341
CH0468525222;45324;-0.042134918;0.042134918;0.003279992;-0.038854926;0.001782078;0;Negativ;7;3.03943;0.25218;0.082969504
CH0496451508;44280;-0.213226824;0.213226824;0.002931415;-0.210295409;0.001549091;0;Positive;11;0.92090043;0.070480766;0.076534622
CH0496451508;44623;-0.278199648;0.278199648;-0.02473102;-0.302930668;-0.017393801;0;Negativ;10;0.860071794;0.142866417;0.166109874
CH0496451508;44987;-0.071667666;0.071667666;0.013840579;-0.057827087;0.008974338;0;Negativ;10;0.879971995;0.069182464;0.078618938
CH0496451508;45337;-0.011040398;0.011040398;0.004502485;-0.006537913;0.005956548;0;Negativ;11;0.821931515;0.093424527;0.113664612
CH0530235594;45370;-0.154176913;0.154176913;-0.005787737;-0.15996465;-0.003895988;0;Negativ;5;4.337179661;0.267960997;0.061782314
CH1101098163;43899;0.032072894;0.032072894;-0.054051801;-0.021978907;-0.054634675;0;Positive;7;8.535377169;0.180581023;0.021156771
CH1101098163;44263;0.041648312;0.041648312;0.018455612;0.060103924;0.019329547;0;Neutral;9;7.238213953;0.147357265;0.020358236
CH1101098163;44581;0.019824204;0.019824204;0.006360575;0.026184779;0.00416124;0;Neutral;10;10.30053565;0.290808982;0.028232414
CH1101098163;44945;0.041010591;0.041010591;-0.015913802;0.025096789;-0.009917437;0;Positive;9;10.65837745;0.225542707;0.021161073
CH1101098163;45313;-0.097312941;0.097312941;0.016655038;-0.080657903;0.011057605;0;Positive;10;10.73238066;0.519022785;0.048360452
CH1169151003;43887;0.004443048;0.004443048;0.002445613;0.006888661;0.002558973;0;Neutral;7;2.274816466;0.164139413;0.072155014
CH1169151003;44258;0.063353063;0.063353063;-0.002873219;0.060479845;-0.003510679;0;Positive;9;1.312381017;0.145931261;0.111195803
CH1169151003;44622;0.032516807;0.032516807;0.000804601;0.033321408;0.000997565;0;Positive;8;2.600786017;0.102033758;0.039231893
CH1169151003;44987;-0.024464706;0.024464706;0.014745004;-0.009719703;0.008974338;0;Neutral;6;3.402008552;0.074375671;0.021862282
CH1169151003;45370;0.030699049;0.030699049;-0.005056618;0.025642431;-0.003895988;0;Negativ;8;3.297367548;0.300173782;0.091034371
CH1173567111;44257;-0.043559725;0.043559725;0.010153696;-0.033406029;0.008703498;0;Positive;5;9.733901367;0.64209542;0.065964858
CH1173567111;44624;0.004524423;0.004524423;-0.055473779;-0.050949356;-0.032511354;0;Negativ;6;3.858648996;0.631102421;0.163555281
CH1173567111;44987;-0.108306272;0.108306272;0.011592301;-0.09671397;0.008974338;0;Negativ;6;2.900246797;0.698922732;0.24098733
CH1173567111;45322;0.010545501;0.010545501;-0.010545501;0;-0.008303501;0;Negativ;5;2.67833295;0.630357493;0.235354418
CH1175448666;43879;0.023140805;0.023140805;-0.002487786;0.020653019;-0.002477395;0;Neutral;18;2.274880317;0.097181089;0.04271921
CH1175448666;44243;0.050233283;0.050233283;-0.00165668;0.048576603;-0.001637796;0;Positive;13;1.619099518;0.123274829;0.076137895
CH1175448666;44607;0.026143794;0.026143794;0.02157687;0.047720664;0.012905635;0;Neutral;14;2.89336154;0.155498256;0.053743113
CH1175448666;44978;-0.018138237;0.018138237;0.000301393;-0.017836844;0.000312237;0;Neutral;14;3.294249495;0.075344077;0.022871394
CH1175448666;45349;-0.02028753;0.02028753;-0.00226211;-0.02254964;-0.001376807;0;Negativ;16;3.120979402;0.134874411;0.043215412
CH1176493729;44638;-0.113200593;0.113200593;0.016650707;-0.096549886;0.011107708;0;Neutral;7;1.691016929;0.044450877;0.026286477
CH1176493729;44992;-0.080518642;0.080518642;-0.011726932;-0.092245574;-0.007529537;0;Negativ;5;1.554556887;0.054581889;0.035110898
CH1176493729;45358;0.139294261;0.139294261;0.004849187;0.144143448;0.004158784;0;Positive;5;1.500070775;0.053826319;0.03588252
CH1248667003;43900;-0.017878933;0.017878933;-0.001265228;-0.019144161;-0.001861158;0;Negativ;5;55.5115578;4.898950633;0.088251003
CH1248667003;44624;-0.006094051;0.006094051;-0.039080748;-0.045174799;-0.032511354;0;Neutral;5;61.95539191;8.540421391;0.137847912
CH1248667003;44991;-0.059929602;0.059929602;-0.00671818;-0.066647782;-0.004842015;0;Negativ;5;24.66858727;3.059490973;0.124023761
CH1248667003;45358;-0.000650207;0.000650207;0.001788511;0.001138304;0.004158784;0;Neutral;5;21.10975024;3.603085718;0.170683484
CH1256740924;43858;0.03602812;0.03602812;0.007832253;0.043860373;0.00883828;0;Positive;21;3.601148907;0.200598284;0.055703968
CH1256740924;44224;-0.000780384;0.000780384;-0.003234953;-0.004015337;-0.003177834;0;Positive;22;3.028970237;0.119369281;0.039409196
CH1256740924;44588;-0.010190582;0.010190582;0.0035822;-0.006608382;0.004470178;0;Neutral;22;3.829788384;0.096319102;0.02514998
CH1256740924;44952;0.001052664;0.001052664;-0.006676733;-0.005624068;-0.006273897;0;Neutral;15;3.819742507;0.121987169;0.031935967
CH1256740924;45317;0.076555891;0.076555891;0.010166786;0.086722677;0.015974983;0;Neutral;17;3.819540312;0.123860129;0.03242802
CH1357065999;44266;0.010189586;0.010189586;-0.000465036;0.00972455;-0.000504509;0;Negativ;7;-6.712327194;1.236983731;-0.184285375
CH1357065999;44644;-0.006565509;0.006565509;0.000334959;-0.00623055;0.002188059;0;Negativ;7;-6.257421367;2.035258483;-0.325255143
CH1357065999;45008;0.024895557;0.024895557;-0.002046124;0.022849433;-0.00382757;0;Positive;8;-6.887853353;2.274646197;-0.330240219
CH1357065999;45365;-0.00042616;0.00042616;-0.002743414;-0.003169575;-0.005680966;0;Negativ;7;-13.07349565;3.296431068;-0.25214611
