ISIN;Year;Reporting date;Actual;Estimates;Mean;Surprise; Surpise (%) ;Surpise_Category;Standard Deviation
AT0000A3EPA4;FY Dec-19;11.02.2020;13.21322; 12.00 ;11.5461;1.66712;0.14;Positive;1.7871
AT0000A3EPA4;FY Dec-20;09.02.2021;-2.63904; 7.00 ;0.7867;-3.42574;-4.35;Negativ;2.7354
AT0000A3EPA4;FY Dec-21;08.02.2022;5.45464; 10.00 ;3.9533;1.50134;0.38;Positive;2.5617
AT0000A3EPA4;FY Dec-22;07.02.2023;2.52503; 10.00 ;2.6972;-0.17217;-0.06;Negativ;1.1558
AT0000A3EPA4;FY Dec-23;09.02.2024;1.6; 11.00 ;-1.143;2.743;2.4;Positive;5.2077
AT0000KTMI02;FY Dec-19;20.02.2020;2.4201; 3.00 ;2.30913;0.11097;0.05;Neutral;0.24898
AT0000KTMI02;FY Dec-20;01.02.2021;1.56008; 2.00 ;1.48753;0.07255;0.05;Neutral;0.08315
AT0000KTMI02;FY Dec-21;29.03.2022;3.33958; 2.00 ;3.08706;0.25252;0.08;Positive;0.42189
AT0000KTMI02;FY Dec-22;28.03.2023;5.03019; 2.00 ;4.94359;0.0866;0.02;Neutral;0.11359
AT0000KTMI02;FY Dec-23;29.01.2024;2.37; 3.00 ;2.96333;-0.59333;-0.2;Negativ;0.42594
CH0000816824;FY Dec-19;03.03.2020;0.329896382; 10.00 ;0.526025102;-0.19612872;-0.37;Negativ;0.077600143
CH0000816824;FY Dec-20;02.03.2021;0.319254563; 9.00 ;0.197820769;0.121433794;0.61;Positive;0.097202373
CH0000816824;FY Dec-21;01.03.2022;0.670434583; 8.00 ;0.534889737;0.135544846;0.25;Positive;0.085677283
CH0000816824;FY Dec-22;21.02.2023;0.627867308; 8.00 ;0.631198197;-0.003330889;-0.01;Neutral;0.093052063
CH0000816824;FY Dec-23;20.02.2024;0.532090939; 7.00 ;0.384925227;0.147165712;0.38;Positive;0.09127488
CH0001340204;FY Dec-19;06.04.2020;79.81364084; 2.00 ;77.32345524;2.490185594;0.03;Neutral;3.256396546
CH0001340204;FY Dec-20;04.02.2021;75.7697497; 1.00 ;72.79004044;2.979709258;0.04;Neutral;0
CH0001340204;FY Dec-21;04.02.2022;87.19906307; 1.00 ;87.26291398;-0.063850913; -   ;Positive;0
CH0001340204;FY Dec-22;10.02.2023;88.72084315; 1.00 ;83.00618647;5.714656684;0.07;Positive;0
CH0001340204;FY Dec-23;09.02.2024;103.8641513; 1.00 ;99.77662868;4.087522593;0.04;Neutral;0
CH0001624714;FY Dec-20;26.02.2020;8.321902284; 3.00 ;7.05552585;1.266376435;0.18;Positive;0.056976298
CH0001624714;FY Dec-21;16.02.2022;-26.88123423; 1.00 ;0.468240026;-27.34947426;-58.41;Negativ;0
CH0001624714;FY Dec-22;21.02.2023;17.910181; 3.00 ;16.51397438;1.396206624;0.08;Positive;1.774278519
CH0001624714;FY Dec-23;20.02.2024;13.99399169; 2.00 ;12.29981414;1.694177549;0.14;Positive;1.364281167
CH0002178181;FY Dec-19;13.04.2020;1.351510985; 7.00 ;1.505817357;-0.154306372;-0.1;Negativ;0.13574704
CH0002178181;FY Dec-20;11.03.2021;1.468570991; 8.00 ;1.422545125;0.046025866;0.03;Neutral;0.093094631
CH0002178181;FY Dec-21;15.03.2022;1.426003716; 10.00 ;2.002577458;-0.576573741;-0.29;Negativ;0.359991446
CH0002178181;FY Dec-22;15.03.2023;0.776852771; 11.00 ;1.370762035;-0.593909264;-0.43;Negativ;0.307612414
CH0002178181;FY Dec-23;13.03.2024;1.319585528; 11.00 ;1.469347844;-0.149762316;-0.1;Negativ;0.097926016
CH0002361068;FY Dec-19;06.03.2020;2.149647393; 1.00 ;1.266376435;0.883270959;0.7;Positive;0
CH0002361068;FY Dec-20;05.03.2021;-0.202194557; 1.00 ;0.329896382;-0.532090939;-1.61;Negativ;0
CH0002361068;FY Dec-21;04.03.2022;-1.713332823; 1.00 ;-2.224140125;0.510807301;0.23;Positive;0
CH0002361068;FY Dec-22;13.04.2023;3.522442016; 1.00 ;5.842358509;-2.319916494;-0.4;Negativ;0
CH0002361068;FY Dec-23;15.04.2024;7.672751339; 1.00 ;5.448611214;2.224140125;0.41;Positive;0
CH0002432174;FY Dec-19;04.03.2020;23.32686676; 10.00 ;22.8104193;0.516447465;0.02;Neutral;0.727070343
CH0002432174;FY Dec-20;28.01.2021;15.65411542; 10.00 ;15.50832251;0.145792917;0.01;Neutral;0.990104177
CH0002432174;FY Dec-21;27.01.2022;27.62616155; 9.00 ;27.36377686;0.262384684;0.01;Neutral;0.626334886
CH0002432174;FY Dec-22;26.01.2023;34.43692557; 9.00 ;32.21845753;2.218468035;0.07;Positive;1.516139921
CH0002432174;FY Dec-23;30.01.2024;36.58657296; 8.00 ;34.21331967;2.373253289;0.07;Positive;2.59834904
CH0002619481;FY Dec-19;20.03.2020;;;;0;#DIV/0!;#DIV/0!;
CH0002619481;FY Dec-20;23.03.2021;112.5797796;1;68.93404126;43.64573831;0.63;Positive;0
CH0002619481;FY Dec-21;21.03.2022;115.327146;1;72.3932283;42.93391769;0.59;Positive;0
CH0002619481;FY Dec-22;20.03.2023;91.50619023;1;69.85815552;21.64803471;0.31;Positive;0
CH0002619481;FY Dec-23;20.03.2024;67.33140463;1;80.33979364;-13.00838901;-0.16;Negativ;0
CH0003390066;FY Dec-19;16.03.2020;0.574658214;1;0.585300033;-0.010641819;-0.02;Neutral;0
CH0003390066;FY Dec-20;10.03.2021;-1.436645535;2;-1.04821915;-0.388426385;-0.37;Negativ;0.34585911
CH0003390066;FY Dec-21;11.03.2022;1.106749153;2;0.989689146;0.117060007;0.12;Positive;0.180910919
CH0003390066;FY Dec-22;10.03.2023;1.56434736;1;1.574989179;-0.010641819;-0.01;Neutral;0
CH0003390066;FY Dec-23;24.01.2024;1.841034649;2;1.793146464;0.047888185;0.03;Neutral;0.09045546
CH0003420806;FY Dec-19;16.03.2020;5.416685758;1;6.119045797;-0.702360039;-0.11;Negativ;0
CH0003420806;FY Dec-20;17.03.2021;7.130018581;1;6.651136736;0.478881845;0.07;Positive;0
CH0003420806;FY Dec-21;30.03.2022;5.097431195;1;5.57631304;-0.478881845;-0.09;Negativ;0
CH0003420806;FY Dec-22;10.03.2023;4.607907531;1;6.163741436;-1.555833905;-0.25;Negativ;0
CH0003420806;FY Dec-23;08.03.2024;6.53407673;1;5.301754115;1.232322614;0.23;Positive;0
CH0003541510;FY Dec-19;03.03.2020;91.87082151;8;91.43970015;0.431121362; -   ;Positive;1.122115939
CH0003541510;FY Dec-20;04.03.2021;70.87451306;8;64.52533793;6.349175128;0.1;Positive;4.559295703
CH0003541510;FY Dec-21;03.03.2022;97.50034364;7;95.05378951;2.446554137;0.03;Neutral;4.558678477
CH0003541510;FY Dec-22;17.01.2023;76.36569155;7;81.33587852;-4.970186968;-0.06;Negativ;7.717404411
CH0003541510;FY Dec-23;05.03.2024;77.20639523;6;76.88536349;0.321031747; -   ;Positive;1.387331347
CH0003671440;FY Dec-19;15.04.2020;12.39771888;6;13.43955293;-1.041834058;-0.08;Negativ;1.644905929
CH0003671440;FY Dec-20;09.03.2021;-21.33684665;7;-19.95386781;-1.382978843;-0.07;Negativ;2.568030498
CH0003671440;FY Dec-21;09.03.2022;7.481198601;6;7.374429233;0.106769368;0.01;Neutral;1.509829323
CH0003671440;FY Dec-22;25.01.2023;2.87329107;4;7.023600393;-4.150309323;-0.59;Negativ;3.16315293
CH0003671440;FY Dec-23;24.01.2024;17.52707553;5;13.62770029;3.899375237;0.29;Positive;2.683196261
CH0006372897;FY Dec-19;19.02.2020;70.97028943;8;68.93571202;2.034577407;0.03;Neutral;1.437379821
CH0006372897;FY Dec-20;19.03.2021;91.48771603;8;74.97441209;16.51330395;0.22;Positive;7.243375235
CH0006372897;FY Dec-21;22.02.2022;104.3749586;10;100.8159087;3.559049872;0.04;Neutral;4.692488707
CH0006372897;FY Dec-22;30.01.2023;107.3865933;9;98.8606022;8.525991085;0.09;Positive;5.907795053
CH0006372897;FY Dec-23;29.01.2024;85.81562663;9;81.96281999;3.852806638;0.05;Neutral;4.832460549
CH0008038389;FY Dec-19;27.02.2020;7.992005902;8;6.39546704;1.596538862;0.25;Positive;1.872183252
CH0008038389;FY Dec-20;25.02.2021;8.034573177;8;5.189355225;2.845217952;0.55;Positive;1.007067236
CH0008038389;FY Dec-21;17.02.2022;3.501158378;8;5.024407034;-1.523248656;-0.3;Negativ;1.46195178
CH0008038389;FY Dec-22;09.02.2023;3.66078566;8;3.904217264;-0.243431605;-0.06;Negativ;0.44017755
CH0008038389;FY Dec-23;08.02.2024;4.075816592;8;5.062579238;-0.986762646;-0.19;Negativ;1.066618854
CH0008702190;FY Dec-19;12.03.2020;3.086127446;2;3.298963821;-0.212836376;-0.06;Negativ;0.202194557
CH0008702190;FY Dec-20;11.03.2021;1.532421904;1;1.500496448;0.031925456;0.02;Neutral;0
CH0008702190;FY Dec-21;10.03.2022;2.734947426;2;2.761019882;-0.026072456;-0.01;Neutral;0.016494819
CH0008702190;FY Dec-22;02.03.2023;1.096107334;5;1.065033223;0.031074111;0.03;Neutral;0.334461722
CH0008702190;FY Dec-23;06.03.2024;1.447287354;5;2.47635123;-1.029063876;-0.42;Negativ;0.271387662
CH0008742519;FY Dec-19;06.02.2020;34.35179102;20;32.11296518;2.238825835;0.07;Positive;2.155393975
CH0008742519;FY Dec-20;04.02.2021;31.43593267;23;29.58175538;1.854177295;0.06;Positive;1.6225049
CH0008742519;FY Dec-21;03.02.2022;37.64011302;18;35.048894;2.591219022;0.07;Positive;2.856328011
CH0008742519;FY Dec-22;09.02.2023;32.91514548;16;31.77381042;1.141335064;0.04;Neutral;1.403166373
CH0008742519;FY Dec-23;09.02.2024;35.14992742;15;35.28472734;-0.134799918; -   ;Positive;1.138930013
CH0008837566;FY Dec-19;26.02.2020;9.013620505;4;8.645413575;0.36820693;0.04;Neutral;0.866510094
CH0008837566;FY Dec-20;24.02.2021;8.343185922;4;8.222667324;0.120518598;0.01;Neutral;0.137630642
CH0008837566;FY Dec-21;08.03.2022;8.875276861;3;9.197010968;-0.321734107;-0.03;Neutral;0.758559484
CH0008837566;FY Dec-22;01.03.2023;8.332544103;4;8.985419685;-0.652875582;-0.07;Negativ;0.185337916
CH0008837566;FY Dec-23;28.02.2024;7.1406604;3;7.951566991;-0.810906591;-0.1;Negativ;0.074301179
CH0008967926;FY Dec-19;27.03.2020;;;;0;#DIV/0!;#DIV/0!;
CH0008967926;FY Dec-20;27.04.2021;;;;0;#DIV/0!;#DIV/0!;
CH0008967926;FY Dec-21;27.04.2022;-;1;62.43022986;;;;0
CH0008967926;FY Dec-22;03.04.2023;62.54835405;1;62.43022986;0.118124188; -   ;Positive;0
CH0008967926;FY Dec-23;02.04.2024;-;1;62.54835405;;;;0
CH0009320091;FY Dec-19;03.03.2020;1.560739784;4;1.745939356;-0.185199572;-0.11;Negativ;0.262171847
CH0009320091;FY Dec-20;02.03.2021;-0.575381858;3;-0.683268616;0.107886759;0.16;Positive;0.06670292
CH0009320091;FY Dec-21;01.03.2022;2.8194009;3;2.497422031;0.321978869;0.13;Positive;0.347636294
CH0009320091;FY Dec-22;01.03.2023;1.574989179;3;1.509009903;0.065979276;0.04;Neutral;0.315849181
CH0009320091;FY Dec-23;22.02.2024;1.287660072;3;0.489523664;0.798136408;1.63;Positive;0.827380126
CH0010570759;FY Dec-19;03.03.2020;2260.003054;9;2312.244806;-52.24175256;-0.02;Neutral;46.69175674
CH0010570759;FY Dec-20;02.03.2021;1406.742024;10;1490.476111;-83.73408687;-0.06;Negativ;113.2503844
CH0010570759;FY Dec-21;08.03.2022;2149.008884;8;2156.771825;-7.762940753; -   ;Positive;103.5089274
CH0010570759;FY Dec-22;07.03.2023;2540.30856;10;2549.33527;-9.026709942; -   ;Positive;53.70042666
CH0010570759;FY Dec-23;05.03.2024;3042.602407;12;3000.037345;42.56506161;0.01;Neutral;342.6202408
CH0010570767;FY Dec-19;03.03.2020;226.0003054;8;228.3835407;-2.383235315;-0.01;Neutral;4.259260264
CH0010570767;FY Dec-20;02.03.2021;140.6742024;8;145.1558767;-4.481674277;-0.03;Neutral;7.511836397
CH0010570767;FY Dec-21;08.03.2022;214.9008884;8;217.3128566;-2.411968226;-0.01;Neutral;6.526957353
CH0010570767;FY Dec-22;07.03.2023;254.030856;7;251.564838;2.466018024;0.01;Neutral;5.831312301
CH0010570767;FY Dec-23;05.03.2024;-;3;293.2094249;;;;9.39490623
CH0010645932;FY Dec-19;24.01.2020;98.88378009;21;92.40179506;6.481985027;0.07;Positive;7.410175102
CH0010645932;FY Dec-20;29.01.2021;90.81728145;22;98.40775025;-7.590468796;-0.08;Negativ;7.928612588
CH0010645932;FY Dec-21;28.01.2022;96.55322177;23;108.3627248;-11.80950299;-0.11;Negativ;8.841584863
CH0010645932;FY Dec-22;25.01.2023;99.59678194;21;100.4904925;-0.893710583;-0.01;Neutral;7.685031998
CH0010645932;FY Dec-23;25.01.2024;111.5635072;19;106.6683876;4.895119578;0.05;Neutral;7.287017334
CH0010675863;FY Dec-19;17.03.2020;3.181903815;4;3.010038441;0.171865373;0.06;Positive;0.056178161
CH0010675863;FY Dec-20;18.03.2021;6.470225817;4;6.509600547;-0.039374729;-0.01;Neutral;0.295406247
CH0010675863;FY Dec-21;17.03.2022;13.64281167;5;13.62855164;0.014260037; -   ;Positive;0.088071692
CH0010675863;FY Dec-22;16.03.2023;11.12070062;6;11.47578619;-0.355085567;-0.03;Neutral;0.170865042
CH0010675863;FY Dec-23;14.03.2024;15.48384632;6;15.56277669;-0.07893037;-0.01;Neutral;0.50793401
CH0010702154;FY Dec-19;28.01.2020;3.650143841;8;6.981565209;-3.331421368;-0.48;Negativ;0.844013289
CH0010702154;FY Dec-20;26.01.2021;-0.361821838;7;-1.164672573;0.802850734;0.69;Positive;1.025158328
CH0010702154;FY Dec-21;25.01.2022;8.375111378;9;8.411644742;-0.036533364; -   ;Positive;0.662687339
CH0010702154;FY Dec-22;24.01.2023;12.83403345;8;12.64859975;0.185433692;0.01;Neutral;1.141835229
CH0010702154;FY Dec-23;23.01.2024;9.077471418;6;11.7682553;-2.690783878;-0.23;Negativ;1.248423686
CH0011029946;FY Dec-19;05.03.2020;21.0886092;8;21.79498998;-0.706380782;-0.03;Neutral;0.870776519
CH0011029946;FY Dec-20;04.03.2021;19.6476516;9;19.48748137;0.160170226;0.01;Neutral;1.083775367
CH0011029946;FY Dec-21;03.03.2022;32.0028894;8;30.72549996;1.27738944;0.04;Neutral;1.439545851
CH0011029946;FY Dec-22;13.01.2023;35.2645164;8;34.28189042;0.982625985;0.03;Neutral;1.182704895
CH0011029946;FY Dec-23;05.03.2024;42.0993288;8;39.51485451;2.58447429;0.07;Positive;1.447558744
CH0011075394;FY Dec-19;13.02.2020;26.9595378;27;26.69821819;0.261319608;0.01;Neutral;1.226790409
CH0011075394;FY Dec-20;11.02.2021;24.8857272;22;19.91491029;4.97081691;0.25;Positive;1.862846618
CH0011075394;FY Dec-21;10.02.2022;33.7456692;22;28.28000993;5.465659275;0.19;Positive;1.834923197
CH0011075394;FY Dec-22;09.02.2023;29.9582874;20;31.14923886;-1.190951456;-0.04;Neutral;2.696343228
CH0011075394;FY Dec-23;22.02.2024;28.9457226;19;33.46306626;-4.517343659;-0.13;Negativ;2.057726398
CH0011108872;FY Dec-19;07.02.2020;16.44295088;5;8.336907249;8.106043632;0.97;Positive;0.968905674
CH0011108872;FY Dec-20;05.02.2021;15.39160304;3;9.146302701;6.245300335;0.68;Positive;1.472838361
CH0011108872;FY Dec-21;11.02.2022;22.2147967;3;14.08794831;8.126848388;0.58;Positive;2.447043661
CH0011108872;FY Dec-22;10.02.2023;20.24073932;3;11.74996201;8.490777307;0.72;Positive;0.922805315
CH0011108872;FY Dec-23;09.02.2024;6.842689474;3;9.204109061;-2.361419587;-0.26;Negativ;1.145911046
CH0011178255;FY Dec-19;19.03.2020;4.363145699;1;5.853000328;-1.489854629;-0.25;Negativ;0
CH0011178255;FY Dec-20;11.03.2021;0.834318592;1;-3.330889278;4.16520787;1.25;Positive;0
CH0011178255;FY Dec-21;10.03.2022;7.151302219;1;3.142529085;4.008773134;1.28;Positive;0
CH0011178255;FY Dec-22;09.03.2023;3.980040223;2;2.718984698;1.261055525;0.46;Positive;3.325568368
CH0011178255;FY Dec-23;14.03.2024;9.013620505;2;8.683192032;0.330428473;0.04;Neutral;0.713533949
CH0011339204;FY Dec-19;06.03.2020;0.010641819;4;0.204855011;-0.194213193;-0.95;Negativ;0.189381807
CH0011339204;FY Dec-20;11.03.2021;0.191552738;5;0.210708012;-0.019155274;-0.09;Negativ;0.020240739
CH0011339204;FY Dec-21;08.03.2022;0.393747295;5;0.359480638;0.034266656;0.1;Positive;0.041056137
CH0011339204;FY Dec-22;07.03.2023;0.319254563;5;0.352882711;-0.033628147;-0.1;Negativ;0.068746149
CH0011339204;FY Dec-23;05.03.2024;0.510807301;3;0.473209756;0.037597546;0.08;Positive;0.007789811
CH0011432447;FY Dec-19;18.02.2020;-2.213498306;9;-2.797617097;0.584118791;0.21;Positive;0.696592174
CH0011432447;FY Dec-20;16.02.2021;-1.521780085;7;-1.014016344;-0.507763741;-0.5;Negativ;1.805459048
CH0011432447;FY Dec-21;15.02.2022;-0.617225489;4;-1.729295551;1.112070062;0.64;Positive;0.511552229
CH0011432447;FY Dec-22;14.02.2023;1.085465515;6;-1.736744825;2.82221034;1.63;Positive;0.391022989
CH0011432447;FY Dec-23;13.02.2024;0.915196415;7;1.739330787;-0.824134372;-0.47;Negativ;2.104111051
CH0011484067;FY Dec-19;12.02.2020;30.11634714;2;28.59456706;1.521780085;0.05;Neutral;0.244761832
CH0011484067;FY Dec-20;18.02.2021;29.72259985;2;28.49879069;1.223809159;0.04;Neutral;0.830061865
CH0011484067;FY Dec-21;16.02.2022;32.23406908;2;32.29791999;-0.063850913; -   ;Positive;0.053209094
CH0011484067;FY Dec-22;15.02.2023;32.68102547;1;30.94321646;1.737809006;0.06;Positive;0
CH0011484067;FY Dec-23;14.02.2024;36.84197661;1;38.83731763;-1.995341021;-0.05;Neutral;0
CH0012005267;FY Dec-19;29.01.2020;5.257548;26;5.137296194;0.120251806;0.02;Neutral;0.07496874
CH0012005267;FY Dec-20;26.01.2021;5.6275236;27;5.641193225;-0.013669625; -   ;Positive;0.058592452
CH0012005267;FY Dec-21;02.02.2022;6.1240698;27;6.150425693;-0.026355893; -   ;Positive;0.120222598
CH0012005267;FY Dec-22;01.02.2023;5.9585544;22;5.866109181;0.092445219;0.02;Neutral;0.077208066
CH0012005267;FY Dec-23;31.01.2024;6.717978;24;6.302203315;0.415774685;0.07;Positive;0.634440001
CH0012032048;FY Dec-19;30.01.2020;21.45390666;24;21.11084634;0.343060312;0.02;Neutral;0.465515721
CH0012032048;FY Dec-20;04.02.2021;20.38972478;27;20.62199312;-0.232268337;-0.01;Neutral;0.5171179
CH0012032048;FY Dec-21;03.02.2022;21.081443;25;21.63371083;-0.552267827;-0.03;Neutral;0.50547575
CH0012032048;FY Dec-22;02.02.2023;21.60289212;20;21.83381959;-0.230927467;-0.01;Neutral;0.385201914
CH0012032048;FY Dec-23;01.02.2024;19.76185747;19;19.76012285;0.001734616; -   ;Positive;0.64157397
CH0012032113;FY Dec-19;30.01.2020;21.45390666;2;19.02384734;2.430059318;0.13;Positive;2.316191857
CH0012032113;FY Dec-20;04.02.2021;20.38972478;2;18.1512182;2.23850658;0.12;Positive;2.720580971
CH0012032113;FY Dec-21;03.02.2022;21.081443;2;19.90658621;1.174856793;0.06;Positive;2.347585222
CH0012032113;FY Dec-22;02.02.2023;21.60289212;1;21.95407214;-0.35118002;-0.02;Neutral;0
CH0012032113;FY Dec-23;01.02.2024;19.76185747;1;18.56039613;1.20146134;0.06;Positive;0
CH0012100191;FY Dec-19;17.03.2020;6.523434911;6;6.461712362;0.061722549;0.01;Neutral;0.57252985
CH0012100191;FY Dec-20;16.03.2021;9.173247787;7;8.192529694;0.980718093;0.12;Positive;0.669764148
CH0012100191;FY Dec-21;15.03.2022;10.51411695;7;12.31045596;-1.79633901;-0.15;Negativ;1.777247587
CH0012100191;FY Dec-22;14.03.2023;10.07780238;5;12.07037653;-1.992574148;-0.17;Negativ;1.428759947
CH0012100191;FY Dec-23;12.03.2024;10.96107334;6;10.45806649;0.503006848;0.05;Neutral;0.987943888
CH0012138605;FY Dec-19;26.02.2020;4.97;19;4.24784;0.72216;0.17;Positive;0.15371
CH0012138605;FY Dec-20;25.02.2021;2.49;17;2.43406;0.05594;0.02;Neutral;0.34105
CH0012138605;FY Dec-21;24.02.2022;4.06;19;3.75691;0.30309;0.08;Positive;0.25485
CH0012138605;FY Dec-22;28.02.2023;3.28;12;3.35575;-0.07575;-0.02;Neutral;0.17844
CH0012138605;FY Dec-23;29.02.2024;2.99;13;2.92715;0.06285;0.02;Neutral;0.46217
CH0012142631;FY Dec-19;13.02.2020;0.776852771;13;1.002129433;-0.225276662;-0.22;Negativ;0.159488938
CH0012142631;FY Dec-20;11.02.2021;0.691718221;16;0.507678607;0.184039614;0.36;Positive;0.411689401
CH0012142631;FY Dec-21;14.02.2022;1.032256421;17;0.973098551;0.059157871;0.06;Positive;0.179431706
CH0012142631;FY Dec-22;02.03.2023;1.330227347;16;1.19075567;0.139471677;0.12;Positive;0.437591588
CH0012142631;FY Dec-23;29.02.2024;0.936480052;16;0.740936632;0.19554342;0.26;Positive;0.246932763
CH0012214059;FY Dec-19;27.02.2020;3.618218385;17;3.768832046;-0.150613661;-0.04;Neutral;0.192372158
CH0012214059;FY Dec-20;26.02.2021;3.267038365;18;3.193726875;0.07331149;0.02;Neutral;0.201619899
CH0012214059;FY Dec-21;25.02.2022;4.235443874;20;4.222673691;0.012770183; -   ;Positive;0.21549683
CH0012214059;FY Dec-22;24.02.2023;3.894905673;19;4.874740495;-0.979834822;-0.2;Negativ;0.337015759
CH0012214059;FY Dec-23;28.02.2024;5.767865778;20;5.488518035;0.279347743;0.05;Neutral;0.268109982
CH0012221716;FY Dec-19;05.02.2020;1.2072888;17;0.968119047;0.239169753;0.25;Positive;0.106796378
CH0012221716;FY Dec-20;04.02.2021;0.9541476;17;0.74315441;0.21099319;0.28;Positive;0.115812099
CH0012221716;FY Dec-21;03.02.2022;1.4214852;24;1.475404276;-0.053919076;-0.04;Neutral;0.285981403
CH0012221716;FY Dec-22;02.02.2023;1.265706;19;1.191253279;0.074452721;0.06;Positive;0.184072597
CH0012221716;FY Dec-23;01.02.2024;1.9569762;20;1.939110273;0.017865927;0.01;Neutral;0.082884271
CH0012255151;FY Dec-19;06.02.2020;15.07945721;23;15.93732615;-0.857868937;-0.05;Neutral;1.040131367
CH0012255151;FY Dec-20;08.02.2021;-1.053540059;22;0.154157387;-1.207697446;-7.83;Negativ;0.820877975
CH0012255151;FY Dec-21;17.02.2022;15.71796634;24;13.47804439;2.239921942;0.17;Positive;0.907534305
CH0012255151;FY Dec-22;06.02.2023;16.55867002;21;17.30431033;-0.745640316;-0.04;Neutral;0.781109498
CH0012255151;FY Dec-23;22.01.2024;17.82504645;21;18.87174382;-1.04669737;-0.06;Negativ;1.109579877
CH0012268360;FY Dec-19;27.02.2020;0.194724;2;0.347893898;-0.153169898;-0.44;Negativ;0.079174778
CH0012268360;FY Dec-20;25.02.2021;-0.4089204;2;-0.07642917;-0.33249123;-4.35;Negativ;0.07642917
CH0012268360;FY Dec-21;23.02.2022;0.2531412;3;0.19375038;0.05939082;0.31;Positive;0.104595997
CH0012268360;FY Dec-22;23.02.2023;-0.3602394;3;0.042517985;-0.402757385;-9.47;Negativ;0.116133394
CH0012268360;FY Dec-23;22.02.2024;-0.48681;3;-0.1995921;-0.2872179;-1.44;Negativ;0.199280542
CH0012335540;FY Dec-19;12.02.2020;4.671758444;3;4.775335266;-0.103576822;-0.02;Neutral;0.07495033
CH0012335540;FY Dec-20;11.02.2021;4.522772981;4;4.840431271;-0.317658291;-0.07;Negativ;0.13743909
CH0012335540;FY Dec-21;09.02.2022;6.917182206;2;6.586753733;0.330428473;0.05;Neutral;0.416627205
CH0012335540;FY Dec-22;08.02.2023;4.26736933;3;4.45466534;-0.18729601;-0.04;Neutral;0.163607322
CH0012335540;FY Dec-23;08.02.2024;3.990682042;3;4.078657958;-0.087975916;-0.02;Neutral;0.49810097
CH0012410517;FY Dec-19;12.03.2020;15.95208635;11;14.32660174;1.625484609;0.11;Positive;1.622472975
CH0012410517;FY Dec-20;09.03.2021;10.24807148;11;10.76362504;-0.515553553;-0.05;Neutral;0.716577509
CH0012410517;FY Dec-21;10.03.2022;13.88757351;10;13.13732528;0.750248224;0.06;Positive;1.325651365
CH0012410517;FY Dec-22;09.03.2023;12.89788436;6;13.46349703;-0.565612668;-0.04;Neutral;0.721579164
CH0012410517;FY Dec-23;26.03.2024;5.629522134;6;6.686254738;-1.056732605;-0.16;Negativ;1.164927976
CH0012453913;FY Dec-19;12.02.2020;3.3784614;18;3.368919924;0.009541476; -   ;Positive;0.102366407
CH0012453913;FY Dec-20;17.02.2021;3.3395166;19;3.304622059;0.034894541;0.01;Neutral;0.115140301
CH0012453913;FY Dec-21;14.02.2022;3.699756;15;3.802638425;-0.102882425;-0.03;Neutral;0.059322667
CH0012453913;FY Dec-22;20.02.2023;2.7553446;18;2.792994485;-0.037649885;-0.01;Neutral;0.255536305
CH0012453913;FY Dec-23;19.02.2024;3.1058478;15;3.076123181;0.029724619;0.01;Neutral;0.06531043
CH0012829898;FY Dec-19;02.03.2020;33.06413094;6;35.05574733;-1.991616384;-0.06;Negativ;1.760986888
CH0012829898;FY Dec-20;02.03.2021;37.46984392;7;37.85340699;-0.383563074;-0.01;Neutral;1.585375594
CH0012829898;FY Dec-21;04.03.2022;43.11000787;7;42.67110734;0.438900532;0.01;Neutral;0.681087044
CH0012829898;FY Dec-22;06.02.2023;36.30988567;7;38.62888697;-2.319001297;-0.06;Negativ;1.28413763
CH0012829898;FY Dec-23;25.01.2024;37.05481299;6;39.26813038;-2.213317395;-0.06;Negativ;3.709120801
CH0012949464;FY Dec-19;21.04.2020;-1.798467373;5;-1.7548572;-0.043610173;-0.02;Neutral;0.370090532
CH0012949464;FY Dec-20;18.05.2021;-2.671096513;5;-1.560048066;-1.111048448;-0.71;Negativ;0.6559085
CH0012949464;FY Dec-21;17.03.2022;-2.192214668;6;-2.143868886;-0.048345783;-0.02;Neutral;0.45310736
CH0012949464;FY Dec-22;17.03.2023;3.767203847;4;3.56237012;0.204833728;0.06;Positive;0.383116118
CH0012949464;FY Dec-23;18.03.2024;-2.011303749;2;-2.123042846;0.111739097;0.05;Neutral;0.377784567
CH0013396012;FY Dec-19;13.02.2020;;;;0;#DIV/0!;#DIV/0!;
CH0013396012;FY Dec-20;05.02.2021;;;;0;#DIV/0!;#DIV/0!;
CH0013396012;FY Dec-21;05.04.2022;0.893912777;2;0.949250235;-0.055337458;-0.06;Negativ;0.012770183
CH0013396012;FY Dec-22;28.03.2023;0.893912777;1;0.950314417;-0.05640164;-0.06;Negativ;0
CH0013396012;FY Dec-23;28.03.2024;1.245092797;1;1.553705542;-0.308612745;-0.2;Negativ;0
CH0013841017;FY Dec-19;21.01.2020;14.46223172;16;13.76426675;0.697964968;0.05;Neutral;0.330971206
CH0013841017;FY Dec-20;27.01.2021;12.97237709;18;14.26228259;-1.289905496;-0.09;Negativ;0.984400162
CH0013841017;FY Dec-21;26.01.2022;13.44061712;18;14.29976307;-0.859145955;-0.06;Negativ;0.917495048
CH0013841017;FY Dec-22;25.01.2023;15.65411542;13;15.74711428;-0.092998854;-0.01;Neutral;0.571039996
CH0013841017;FY Dec-23;26.01.2024;13.18521347;18;14.38602566;-1.200812189;-0.08;Negativ;0.891135263
CH0014284498;FY Dec-19;04.03.2020;16.47353547;6;17.32186934;-0.848333868;-0.05;Neutral;0.987007408
CH0014284498;FY Dec-20;24.02.2021;17.98467373;7;17.24811089;0.736562845;0.04;Neutral;0.537050026
CH0014284498;FY Dec-21;23.02.2022;23.44392677;9;22.86512889;0.578797882;0.03;Neutral;0.905778405
CH0014284498;FY Dec-22;22.02.2023;38.60851853;9;34.21085077;4.397667759;0.13;Positive;2.754485805
CH0014284498;FY Dec-23;20.02.2024;27.90284884;11;33.62001699;-5.717168153;-0.17;Negativ;3.003546932
CH0014345117;FY Dec-19;13.03.2020;;;;0;#DIV/0!;#DIV/0!;
CH0014345117;FY Dec-20;28.04.2021;;;;0;#DIV/0!;#DIV/0!;
CH0014345117;FY Dec-21;29.04.2022;;;;0;#DIV/0!;#DIV/0!;
CH0014345117;FY Dec-22;27.04.2023;1008.205911;1;18085.82374;-17077.61783;-0.94;Negativ;0
CH0014345117;FY Dec-23;08.02.2024;1045.452277;1;19038.20063;-17992.74835;-0.95;Negativ;0
CH0014786500;FY Dec-19;13.02.2020;8.162275003;3;7.886300716;0.275974286;0.03;Neutral;0.331737417
CH0014786500;FY Dec-20;11.02.2021;8.212291551;4;7.96220881;0.250082741;0.03;Neutral;0.129212964
CH0014786500;FY Dec-21;17.02.2022;8.296361919;4;8.125826773;0.170535146;0.02;Neutral;0.128542529
CH0014786500;FY Dec-22;01.02.2023;8.726291398;5;8.467908038;0.25838336;0.03;Neutral;0.120859136
CH0014786500;FY Dec-23;31.01.2024;9.715980544;5;9.991816487;-0.275835943;-0.03;Neutral;1.351319432
CH0014852781;FY Dec-19;28.02.2020;38.8213549;11;38.80026282;0.021092085; -   ;Positive;1.276560655
CH0014852781;FY Dec-20;02.03.2021;34.88388195;14;36.06436827;-1.180486315;-0.03;Neutral;1.863531453
CH0014852781;FY Dec-21;01.03.2022;42.49278238;13;42.55933632;-0.066553935; -   ;Positive;1.734690954
CH0014852781;FY Dec-22;01.03.2023;50.82532648;9;45.87428415;4.951042336;0.11;Positive;1.57540421
CH0014852781;FY Dec-23;14.03.2024;39.3853713;9;41.76606322;-2.380691921;-0.06;Negativ;4.857894496
CH0016440353;FY Dec-19;07.02.2020;23.98665953;7;23.67713158;0.309527941;0.01;Neutral;0.283987576
CH0016440353;FY Dec-20;12.02.2021;19.76185747;7;19.42937513;0.332482344;0.02;Neutral;0.389235164
CH0016440353;FY Dec-21;11.02.2022;25.04019958;8;24.48177014;0.55842944;0.02;Neutral;0.565484966
CH0016440353;FY Dec-22;10.02.2023;24.21013772;7;24.05416058;0.155977138;0.01;Neutral;0.584736016
CH0016440353;FY Dec-23;09.02.2024;20.81539753;7;19.4205637;1.394833829;0.07;Positive;0.605029965
CH0017875789;FY Dec-19;26.03.2020;9.694696907;2;9.391405072;0.303291835;0.03;Neutral;0.133022735
CH0017875789;FY Dec-20;09.04.2021;-1.681407367;2;-2.660454695;0.979047328;0.37;Positive;1.489854629
CH0017875789;FY Dec-21;11.04.2022;-0.08513455;1;-0.60658367;0.52144912;0.86;Positive;0
CH0017875789;FY Dec-22;05.04.2023;7.970722265;1;3.671427478;4.299294786;1.17;Positive;0
CH0017875789;FY Dec-23;11.04.2024;14.48351536;1;11.41867155;3.064843808;0.27;Positive;0
CH0018294154;FY Dec-19;25.02.2020;4.991013007;9;5.007092795;-0.016079788; -   ;Positive;0.696858219
CH0018294154;FY Dec-20;23.02.2021;6.778838562;10;4.807122378;1.971716183;0.41;Positive;0.362034675
CH0018294154;FY Dec-21;22.02.2022;5.129356651;12;7.236255858;-2.106899207;-0.29;Negativ;3.296122456
CH0018294154;FY Dec-22;21.02.2023;5.469894852;10;5.23332722;0.236567631;0.05;Neutral;0.384914585
CH0018294154;FY Dec-23;27.02.2024;7.874945896;10;5.593020695;2.281925201;0.41;Positive;0.548628325
CH0019107025;FY Dec-19;27.02.2020;14.8453372;2;14.9038672;-0.058530003; -   ;Positive;0.196873647
CH0019107025;FY Dec-20;15.03.2021;4.7036839;2;1.452608263;3.251075637;2.24;Positive;1.112070062
CH0019107025;FY Dec-21;26.04.2022;4.501489343;2;4.492443797;0.009045546; -   ;Positive;0.001596273
CH0019107025;FY Dec-22;15.03.2023;8.311260466;1;7.800453164;0.510807301;0.07;Positive;0
CH0019107025;FY Dec-23;27.02.2024;9.524427806;2;9.539326353;-0.014898546; -   ;Positive;0.004256728
CH0022268228;FY Dec-19;26.02.2020;0.372463657;5;0.470581226;-0.098117569;-0.21;Negativ;0.045951373
CH0022268228;FY Dec-20;05.03.2021;0.393747295;6;0.371750655;0.021996639;0.06;Positive;0.031680695
CH0022268228;FY Dec-21;23.02.2022;0.564016395;6;0.689770768;-0.125754372;-0.18;Negativ;0.091072685
CH0022268228;FY Dec-22;22.02.2023;0.830061865;3;0.704137223;0.125924642;0.18;Positive;0.020144963
CH0022268228;FY Dec-23;21.02.2024;1.117390972;3;0.885399322;0.231991649;0.26;Positive;0.065947351
CH0023405456;FY Dec-19;12.03.2020;7.052854753;12;7.31238743;-0.259532676;-0.04;Neutral;1.163576465
CH0023405456;FY Dec-20;09.03.2021;-30.19083987;11;-17.1018923;-13.08894757;-0.77;Negativ;9.247804369
CH0023405456;FY Dec-21;08.03.2022;0.287329107;7;-5.862428979;6.149758086;1.05;Positive;5.059865574
CH0023405456;FY Dec-22;07.03.2023;3.362814734;9;1.301143257;2.061671477;1.58;Positive;0.829146668
CH0023405456;FY Dec-23;07.03.2024;2.35184195;11;2.153329462;0.198512487;0.09;Positive;0.536113546
CH0023868554;FY Dec-19;25.02.2020;1.561559204;6;2.11709407;-0.555534866;-0.26;Negativ;0.232853637
CH0023868554;FY Dec-20;03.03.2021;-11.87626976;5;-5.648677407;-6.227592349;-1.1;Negativ;5.044403012
CH0023868554;FY Dec-21;01.03.2022;3.235112909;5;2.570212071;0.664900837;0.26;Positive;0.943269533
CH0023868554;FY Dec-22;01.03.2023;5.948776697;4;4.679207717;1.26956898;0.27;Positive;0.239621833
CH0023868554;FY Dec-23;28.02.2024;8.055856815;4;4.354898289;3.700958526;0.85;Positive;0.188647521
CH0024590272;FY Dec-19;26.02.2020;7.8;4;7.54157;0.25843;0.03;Neutral;0.28087
CH0024590272;FY Dec-20;23.02.2021;10.14;4;9.28815;0.85185;0.09;Positive;0.25172
CH0024590272;FY Dec-21;22.02.2022;12.01;4;11.93582;0.07418;0.01;Neutral;0.31828
CH0024590272;FY Dec-22;21.02.2023;11.91;3;12.19;-0.28;-0.02;Neutral;0.32782
CH0024590272;FY Dec-23;20.02.2024;10.07;3;11.70333;-1.63333;-0.14;Negativ;0.62835
CH0024608827;FY Dec-19;17.03.2020;35.82036201;16;32.90091737;2.919444638;0.09;Positive;0.533612719
CH0024608827;FY Dec-20;16.03.2021;32.30856181;16;27.77794581;4.530616001;0.16;Positive;0.850068484
CH0024608827;FY Dec-21;22.03.2022;58.6577051;15;52.97079164;5.686913462;0.11;Positive;3.335561036
CH0024608827;FY Dec-22;21.03.2023;41.5988696;17;39.40415411;2.194715496;0.06;Positive;1.686302604
CH0024608827;FY Dec-23;19.03.2024;41.02421139;16;44.11752206;-3.093310673;-0.07;Negativ;1.314743501
CH0024638196;FY Dec-19;14.02.2020;9.088113236;17;8.813809716;0.274303521;0.03;Neutral;0.251859925
CH0024638196;FY Dec-20;17.02.2021;8.651798667;18;7.716201885;0.935596782;0.12;Positive;0.589386491
CH0024638196;FY Dec-21;16.02.2022;9.024262324;18;8.476442777;0.547819547;0.06;Positive;0.391767916
CH0024638196;FY Dec-22;22.02.2023;7.438631326;15;6.675112754;0.763518572;0.11;Positive;0.553576771
CH0024638196;FY Dec-23;14.02.2024;9.215815062;14;8.786417674;0.429397388;0.05;Neutral;0.433281652
CH0024638212;FY Dec-19;14.02.2020;9.088113236;4;8.856919723;0.231193513;0.03;Neutral;0.225702334
CH0024638212;FY Dec-20;17.02.2021;8.651798667;5;7.881543823;0.770254843;0.1;Positive;0.699103643
CH0024638212;FY Dec-21;16.02.2022;9.024262324;5;8.65392703;0.370335293;0.04;Neutral;0.481382672
CH0024638212;FY Dec-22;22.02.2023;7.438631326;5;6.573238623;0.865392703;0.13;Positive;0.495802337
CH0024638212;FY Dec-23;14.02.2024;9.215815062;13;8.718927259;0.496887802;0.06;Positive;0.385287049
CH0025238863;FY Dec-19;27.02.2020;7.087451306;20;6.961186126;0.12626518;0.02;Neutral;0.158031009
CH0025238863;FY Dec-20;03.03.2021;6.991674937;20;6.84295552;0.148719417;0.02;Neutral;0.242090735
CH0025238863;FY Dec-21;02.03.2022;18.00595737;19;16.34578043;1.660176938;0.1;Positive;1.239814455
CH0025238863;FY Dec-22;01.03.2023;23.57162859;11;23.62822179;-0.056593192; -   ;Positive;0.32567158
CH0025238863;FY Dec-23;01.03.2024;12.79146617;17;13.06476936;-0.27330319;-0.02;Neutral;0.296076682
CH0025343259;FY Dec-19;05.03.2020;3.565009291;3;4.14321123;-0.57820194;-0.14;Negativ;0.54327549
CH0025343259;FY Dec-20;28.01.2021;1.468570991;2;1.186562794;0.282008198;0.24;Positive;0.579979123
CH0025343259;FY Dec-21;28.01.2022;5.650805771;2;4.899493365;0.751312406;0.15;Positive;1.271697344
CH0025343259;FY Dec-22;03.03.2023;4.629191168;1;5.121907378;-0.492716209;-0.1;Negativ;0
CH0025343259;FY Dec-23;08.03.2024;2.128363756;1;2.394409225;-0.266045469;-0.11;Negativ;0
CH0028422100;FY Dec-19;28.01.2020;0.904554596;1;2.00066193;-1.096107334;-0.55;Negativ;0
CH0028422100;FY Dec-20;02.03.2021;1.777183736;1;2.260322308;-0.483138573;-0.21;Negativ;0
CH0028422100;FY Dec-21;01.03.2022;3.447949284;1;3.905547492;-0.457598207;-0.12;Negativ;0
CH0028422100;FY Dec-22;28.02.2023;2.021945568;1;2.075154662;-0.053209094;-0.03;Neutral;0
CH0028422100;FY Dec-23;27.02.2024;1.223809159;1;1.404720079;-0.180910919;-0.13;Negativ;0
CH0029850754;FY Dec-19;08.04.2020;-0.595941852;2;-0.446956389;-0.148985463;-0.33;Negativ;0
CH0029850754;FY Dec-20;11.03.2021;-0.510807301;2;-0.579979123;0.069171822;0.12;Positive;0.079813641
CH0029850754;FY Dec-21;10.03.2022;-0.478881845;2;-0.469304208;-0.009577637;-0.02;Neutral;0.032989638
CH0029850754;FY Dec-22;30.03.2023;-0.489523664;2;-0.439507116;-0.050016548;-0.11;Negativ;0.024476183
CH0029850754;FY Dec-23;18.04.2024;-0.148985463;3;-0.144728735;-0.004256728;-0.03;Neutral;0.027317549
CH0030170408;FY Dec-19;21.01.2020;19.08078107;20;19.1769299;-0.096148833;-0.01;Neutral;0.410486876
CH0030170408;FY Dec-20;10.03.2021;19.02757198;21;19.04870663;-0.021134652; -   ;Positive;0.451064131
CH0030170408;FY Dec-21;14.01.2022;22.51808853;19;22.91183583;-0.393747295;-0.02;Neutral;0.723207362
CH0030170408;FY Dec-22;19.01.2023;21.71995213;20;20.08797601;1.631976119;0.08;Positive;0.834456936
CH0030170408;FY Dec-23;17.01.2024;19.52773746;20;19.77707527;-0.249337814;-0.01;Neutral;0.426971053
CH0030380734;FY Dec-19;15.04.2020;3.426665647;5;3.378138953;0.048526694;0.01;Neutral;0.043269635
CH0030380734;FY Dec-20;19.03.2021;2.830723795;6;2.373657678;0.457066117;0.19;Positive;0.162489931
CH0030380734;FY Dec-21;08.03.2022;4.735609356;6;4.230655055;0.504954301;0.12;Positive;0.086858525
CH0030380734;FY Dec-22;07.03.2023;4.756892994;5;4.570661165;0.186231829;0.04;Neutral;0.118283816
CH0030380734;FY Dec-23;05.03.2024;3.703352935;5;3.328122405;0.37523053;0.11;Positive;0.168949515
CH0030486770;FY Dec-19;06.02.2020;5.150640289;6;7.761429615;-2.610789326;-0.34;Negativ;0.438719621
CH0030486770;FY Dec-20;09.02.2021;-21.67738485;3;-22.78661355;1.109228697;0.05;Neutral;0.576552458
CH0030486770;FY Dec-21;18.02.2022;8.492171385;7;9.323297431;-0.831126047;-0.09;Negativ;1.135301153
CH0030486770;FY Dec-22;09.02.2023;6.555360367;6;7.316069499;-0.760709132;-0.1;Negativ;0.523141169
CH0030486770;FY Dec-23;07.02.2024;4.18223478;6;4.969378189;-0.78714341;-0.16;Negativ;0.282997887
CH0032816131;FY Dec-19;02.06.2020;5.884925784;2;4.911199366;0.973726418;0.2;Positive;0.973726418
CH0032816131;FY Dec-20;08.03.2021;7.289645863;2;6.225463985;1.064181878;0.17;Positive;1.010972784
CH0032816131;FY Dec-21;13.04.2022;12.8659589;1;3.960884949;8.905073953;2.25;Positive;0
CH0032816131;FY Dec-22;13.04.2023;4.671758444;1;4.660052443;0.011706001; -   ;Positive;0
CH0032816131;FY Dec-23;14.03.2024;4.756892994;1;4.273754421;0.483138573;0.11;Positive;0
CH0033361673;FY Dec-19;15.04.2020;2.011303749;5;2.018540186;-0.007236437; -   ;Positive;0.268461162
CH0033361673;FY Dec-20;12.03.2021;-9.918175101;6;-8.559566023;-1.358609078;-0.16;Negativ;1.380190686
CH0033361673;FY Dec-21;10.03.2022;3.511800197;7;1.678214821;1.833585375;1.09;Positive;0.541317396
CH0033361673;FY Dec-22;10.03.2023;16.34583364;6;12.87997418;3.465859465;0.27;Positive;0.504613763
CH0033361673;FY Dec-23;06.03.2024;7.459914963;3;1.687441278;5.772473685;3.42;Positive;3.808068432
CH0038285679;FY Dec-19;27.04.2020;-0.425672751;2;-0.388426385;-0.037246366;-0.1;Negativ;0.037246366
CH0038285679;FY Dec-20;31.03.2021;-0.893912777;2;-0.744927314;-0.148985463;-0.2;Negativ;0.234120013
CH0038285679;FY Dec-21;30.03.2022;-0.148985463;2;-0.194745284;0.045759821;0.23;Positive;0.001064182
CH0038285679;FY Dec-22;29.03.2023;0.60658367;3;0.682853586;-0.076269915;-0.11;Negativ;0.128212633
CH0038285679;FY Dec-23;26.03.2024;0.542732758;3;0.779332315;-0.236599557;-0.3;Negativ;0.489832277
CH0038388911;FY Dec-19;19.02.2020;9.545711444;8;6.537673664;3.008037779;0.46;Positive;1.072301586
CH0038388911;FY Dec-20;24.02.2021;2.596603782;7;5.113702536;-2.517098754;-0.49;Negativ;1.253914865
CH0038388911;FY Dec-21;18.02.2022;43.92942792;9;5.431818424;38.49760949;7.09;Positive;0.836266045
CH0038388911;FY Dec-22;20.02.2023;0.883270959;5;5.426050559;-4.5427796;-0.84;Negativ;1.683961403
CH0038388911;FY Dec-23;22.02.2024;7.098093125;6;6.972168483;0.125924642;0.02;Neutral;0.410327248
CH0038389992;FY Dec-19;17.01.2020;13.01494437;3;5.845902235;7.169042131;1.23;Positive;0.669976985
CH0038389992;FY Dec-20;22.01.2021;13.28098983;3;4.348960155;8.93202968;2.05;Positive;1.540318134
CH0038389992;FY Dec-21;18.02.2022;-7.779169527;4;3.511800197;-11.29096972;-3.22;Negativ;4.670311156
CH0038389992;FY Dec-22;17.02.2023;-6.917182206;2;1.516459176;-8.433641382;-5.56;Negativ;3.517121106
CH0038389992;FY Dec-23;19.01.2024;-4.011965679;4;-1.04289824;-2.969067439;-2.85;Negativ;2.596742125
CH0038863350;FY Dec-19;13.02.2020;4.693042081;28;4.676430202;0.016611879; -   ;Positive;0.102023117
CH0038863350;FY Dec-20;18.02.2021;4.480205706;26;4.496296136;-0.01609043; -   ;Positive;0.055699279
CH0038863350;FY Dec-21;17.02.2022;4.7036839;26;4.725659256;-0.021975356; -   ;Positive;0.107067339
CH0038863350;FY Dec-22;16.02.2023;5.108073013;20;5.080829957;0.027243056;0.01;Neutral;0.076259273
CH0038863350;FY Dec-23;22.02.2024;5.108073013;23;5.160909644;-0.05283663;-0.01;Neutral;0.163213575
CH0039821084;FY Dec-19;19.03.2020;69.3633748;4;90.23730233;-20.87392753;-0.23;Negativ;12.57258524
CH0039821084;FY Dec-20;18.03.2021;33.97932736;3;1.819751011;32.15957635;17.67;Positive;7.555393361
CH0039821084;FY Dec-21;15.03.2022;115.8149138;3;92.99175621;22.82315755;0.25;Positive;6.853352577
CH0039821084;FY Dec-22;13.03.2023;308.5701773;2;82.18676642;226.3834109;2.75;Positive;2.405051044
CH0039821084;FY Dec-23;11.03.2024;52.66636113;2;60.73019931;-8.063838179;-0.13;Negativ;8.042554541
CH0042615283;FY Dec-19;19.03.2020;-6.427658542;7;-5.035857631;-1.391800911;-0.28;Negativ;1.442785864
CH0042615283;FY Dec-20;21.01.2021;-15.90951907;11;-9.406016289;-6.503502784;-0.69;Negativ;3.052605716
CH0042615283;FY Dec-21;20.01.2022;-24.90185594;9;-19.23224608;-5.669609865;-0.29;Negativ;2.338018227
CH0042615283;FY Dec-22;19.01.2023;-16.89920822;13;-14.46681834;-2.432389876;-0.17;Negativ;1.218051936
CH0042615283;FY Dec-23;16.01.2024;-10.71631151;10;-7.273576717;-3.442734793;-0.47;Negativ;5.012828735
CH0045825517;FY Dec-19;13.03.2020;0.943865475;1;0.513882787;0.429982688;0.84;Positive;0
CH0045825517;FY Dec-20;12.03.2021;1.122147865;1;0.629240103;0.492907762;0.78;Positive;0
CH0045825517;FY Dec-21;15.04.2022;1.085465515;1;0.659792764;0.425672751;0.65;Positive;0
CH0045825517;FY Dec-22;15.03.2023;0.78749459;1;0.655536037;0.131958553;0.2;Positive;0
CH0045825517;FY Dec-23;14.03.2024;0.297970926;1;0.634252399;-0.336281473;-0.53;Negativ;0
CH0100837282;FY Dec-19;05.03.2020;5.75032;5;5.58206;0.16826;0.03;Neutral;0.22478
CH0100837282;FY Dec-20;04.03.2021;5.28;4;4.43091;0.84909;0.19;Positive;0.22242
CH0100837282;FY Dec-21;03.03.2022;5.69;6;6.06593;-0.37593;-0.06;Negativ;0.35122
CH0100837282;FY Dec-22;02.03.2023;4.9;5;5.1036;-0.2036;-0.04;Neutral;0.59279
CH0100837282;FY Dec-23;07.03.2024;8.63;6;8.0405;0.5895;0.07;Positive;0.26842
CH0102484968;FY Dec-19;03.02.2020;3.74592021;17;3.809143255;-0.063223045;-0.02;Neutral;0.198970086
CH0102484968;FY Dec-20;01.02.2021;4.724967537;20;4.574385802;0.150581736;0.03;Neutral;0.3958863
CH0102484968;FY Dec-21;02.02.2022;5.682731227;19;5.743389594;-0.060658367;-0.01;Neutral;0.33011986
CH0102484968;FY Dec-22;02.02.2023;5.363476664;17;5.259687006;0.103789659;0.02;Neutral;0.323053693
CH0102484968;FY Dec-23;01.02.2024;2.447618319;17;4.333220905;-1.885602586;-0.44;Negativ;0.586140736
CH0106213793;FY Dec-19;28.04.2020;-6.225463985;2;-4.921309094;-1.304154891;-0.27;Negativ;2.081007662
CH0106213793;FY Dec-20;05.03.2021;-4.309936605;3;-5.460668395;1.15073179;0.21;Positive;1.778354336
CH0106213793;FY Dec-21;18.04.2022;;;;0;#DIV/0!;#DIV/0!;
CH0106213793;FY Dec-22;29.05.2023;-0.404389114;1;-0.340538201;-0.063850913;-0.19;Negativ;0
CH0106213793;FY Dec-23;31.05.2024;-0.393747295;1;-0.138343644;-0.255403651;-1.85;Negativ;0
CH0110240600;FY Dec-19;25.02.2020;0.404389114;5;0.568273123;-0.163884009;-0.29;Negativ;0.139822857
CH0110240600;FY Dec-20;02.03.2021;0.691718221;3;0.673978309;0.017739912;0.03;Neutral;0.056539983
CH0110240600;FY Dec-21;01.03.2022;2.139005574;4;0.750780315;1.38822526;1.85;Positive;0.115942616
CH0110240600;FY Dec-22;28.02.2023;0.297970926;5;0.436101734;-0.138130808;-0.32;Negativ;0.057433896
CH0110240600;FY Dec-23;27.02.2024;-0.266045469;5;-0.084708877;-0.181336592;-2.14;Negativ;0.119667252
CH0111677362;FY Dec-19;04.03.2020;5.150640289;7;4.90344148;0.247198808;0.05;Neutral;0.316530258
CH0111677362;FY Dec-20;10.03.2021;3.565009291;4;3.189087042;0.375922248;0.12;Positive;0.127425138
CH0111677362;FY Dec-21;02.03.2022;4.458922068;4;4.676547262;-0.217625194;-0.05;Neutral;0.140333664
CH0111677362;FY Dec-22;08.03.2023;4.905878457;4;4.686923035;0.218955421;0.05;Neutral;0.096457445
CH0111677362;FY Dec-23;13.03.2024;4.033249317;3;4.016222407;0.01702691; -   ;Positive;0.0588599
CH0118530366;FY Dec-19;19.02.2020;8.904222608;3;8.667963589;0.236259019;0.03;Neutral;0.839384098
CH0118530366;FY Dec-20;29.03.2021;10.55807831;3;7.398043429;3.160034877;0.43;Positive;0.919708546
CH0118530366;FY Dec-21;29.03.2022;9.140492268;4;9.79353812;-0.653045851;-0.07;Negativ;1.276571297
CH0118530366;FY Dec-22;21.03.2023;-0.71839726;7;-0.730177754;0.011780493;0.02;Neutral;0.472315843
CH0118530366;FY Dec-23;21.03.2024;-6.748307184;4;-7.661077264;0.91277008;0.12;Positive;1.57915013
CH0126639464;FY Dec-19;06.03.2020;2.021945568;2;2.037908296;-0.015962728;-0.01;Neutral;0.196873647
CH0126639464;FY Dec-20;05.03.2021;-0.180910919;2;-0.489523664;0.308612745;0.63;Positive;0.255403651
CH0126639464;FY Dec-21;04.03.2022;1.936811018;3;1.929712924;0.007098093; -   ;Positive;0.522885766
CH0126639464;FY Dec-22;03.03.2023;2.745589245;1;3.152106722;-0.406517477;-0.13;Negativ;0
CH0126639464;FY Dec-23;23.02.2024;0.883270959;1;1.197204613;-0.313933654;-0.26;Negativ;0
CH0126673539;FY Dec-19;10.02.2020;3.000992895;6;2.883581709;0.117411187;0.04;Neutral;0.114207999
CH0126673539;FY Dec-20;09.02.2021;2.564678326;8;2.566274598;-0.001596273; -   ;Positive;0.073939357
CH0126673539;FY Dec-21;09.02.2022;3.66078566;7;2.998715546;0.662070113;0.22;Positive;0.152444054
CH0126673539;FY Dec-22;09.02.2023;3.288322002;6;3.411948011;-0.123626009;-0.04;Neutral;0.12176369
CH0126673539;FY Dec-23;16.02.2024;2.979709258;7;3.276158404;-0.296449146;-0.09;Negativ;0.11157947
CH0126881561;FY Dec-19;20.02.2020;2.3269518;15;4.031857782;-1.704905982;-0.42;Negativ;0.528062279
CH0126881561;FY Dec-20;19.02.2021;-2.9598048;19;-1.619801858;-1.340002942;-0.83;Negativ;0.424410694
CH0126881561;FY Dec-21;25.02.2022;4.6539036;15;6.479840284;-1.825936684;-0.28;Negativ;0.555917548
CH0126881561;FY Dec-22;17.02.2023;1.557792;12;1.634727452;-0.076935452;-0.05;Neutral;0.361962707
CH0126881561;FY Dec-23;16.02.2024;10.7974458;18;11.13333496;-0.335889164;-0.03;Neutral;0.526981561
CH0127480363;FY Dec-19;04.03.2020;-20.88647424;5;-14.7798368;-6.106637437;-0.41;Negativ;6.837496267
CH0127480363;FY Dec-20;03.03.2021;-5.467404666;6;-4.21558624;-1.251818426;-0.3;Negativ;1.677757223
CH0127480363;FY Dec-21;02.03.2022;4.915647646;3;2.333772142;2.581875505;1.11;Positive;0.50032511
CH0127480363;FY Dec-22;01.03.2023;-0.491566893;1;-0.322021436;-0.169545457;-0.53;Negativ;0
CH0127480363;FY Dec-23;23.01.2024;10.02459329;5;11.04319626;-1.018602968;-0.09;Negativ;3.92982148
CH0130293662;FY Dec-19;18.03.2020;7.896229533;4;6.361147175;1.535082359;0.24;Positive;0.447807734
CH0130293662;FY Dec-20;16.03.2021;7.300287682;5;5.932388296;1.367899386;0.23;Positive;0.80768212
CH0130293662;FY Dec-21;15.03.2022;6.140329435;5;6.378280503;-0.237951068;-0.04;Neutral;0.191903918
CH0130293662;FY Dec-22;14.03.2023;11.09941699;4;11.75495302;-0.655536037;-0.06;Negativ;1.297088724
CH0130293662;FY Dec-23;12.03.2024;9.641487813;5;8.867189079;0.774298734;0.09;Positive;0.982069604
CH0148052126;FY Dec-19;06.03.2020;65.46846912;3;71.93159685;-6.463127724;-0.09;Negativ;13.32717533
CH0148052126;FY Dec-20;05.03.2021;53.97530484;3;58.07240507;-4.09710023;-0.07;Negativ;10.32873647
CH0148052126;FY Dec-21;04.03.2022;66.37302372;2;90.51718216;-24.14415844;-0.27;Negativ;22.1796787
CH0148052126;FY Dec-22;24.02.2023;70.57654214;2;66.47039636;4.106145775;0.06;Positive;0.487927391
CH0148052126;FY Dec-23;21.02.2024;70.68296032;2;69.15426306;1.528697267;0.02;Neutral;0.982771964
CH0189396655;FY Dec-19;20.02.2020;2.330558312;1;2.160289212;0.1702691;0.08;Positive;0
CH0189396655;FY Dec-20;09.02.2021;2.405051044;1;2.468901956;-0.063850913;-0.03;Neutral;0
CH0189396655;FY Dec-21;10.02.2022;1.926169199;1;1.877216832;0.048952366;0.03;Neutral;0
CH0189396655;FY Dec-22;31.03.2023;1.990020111;1;1.811237556;0.178782555;0.1;Positive;0
CH0189396655;FY Dec-23;03.04.2024;-;1;2.049614297;;;;0
CH0190891181;FY Dec-19;13.02.2020;3.511800197;3;3.46851992;0.043280277;0.01;Neutral;0.295384964
CH0190891181;FY Dec-20;11.02.2021;2.256065581;3;1.882537742;0.373527839;0.2;Positive;0.303153492
CH0190891181;FY Dec-21;10.02.2022;9.013620505;2;8.325626921;0.687993584;0.08;Positive;0.163351918
CH0190891181;FY Dec-22;09.02.2023;8.811425948;3;9.266544612;-0.455118664;-0.05;Neutral;0.420756231
CH0190891181;FY Dec-23;08.02.2024;1.181241884;2;1.019486239;0.161755645;0.16;Positive;0.108546552
CH0208062627;FY Dec-19;25.02.2020;0.255488785;2;0.127744393;0.127744393;1;Positive;0.009120039
CH0208062627;FY Dec-20;04.03.2021;0.340538201;2;0.35118002;-0.010641819;-0.03;Neutral;0.042567275
CH0208062627;FY Dec-21;15.04.2022;1.39407826;2;1.391417805;0.002660455; -   ;Positive;0.002660455
CH0208062627;FY Dec-22;15.02.2023;2.820081976;2;2.290651492;0.529430484;0.23;Positive;0.066511367
CH0208062627;FY Dec-23;29.02.2024;2.52211105;2;2.239038671;0.283072379;0.13;Positive;0.038310548
CH0212186248;FY Dec-19;18.03.2020;;;;0;#DIV/0!;#DIV/0!;
CH0212186248;FY Dec-20;23.02.2021;;;;0;#DIV/0!;#DIV/0!;
CH0212186248;FY Dec-21;15.04.2022;;;;0;#DIV/0!;#DIV/0!;
CH0212186248;FY Dec-22;22.02.2023;;;;0;#DIV/0!;#DIV/0!;
CH0212186248;FY Dec-23;21.02.2024;;;;0;#DIV/0!;#DIV/0!;
CH0212255803;FY Dec-19;06.04.2020;3.958756585;2;3.996002951;-0.037246366;-0.01;Neutral;0.164948191
CH0212255803;FY Dec-20;12.04.2021;2.585961963;2;2.543394688;0.042567275;0.02;Neutral;0.063850913
CH0212255803;FY Dec-21;31.03.2022;4.246085692;1;4.171592961;0.074492731;0.02;Neutral;0
CH0212255803;FY Dec-22;03.04.2023;5.033580282;2;4.316321696;0.717258586;0.17;Positive;0.387362204
CH0212255803;FY Dec-23;08.04.2024;5.267700295;2;5.245352476;0.022347819; -   ;Positive;0.030861274
CH0225173167;FY Dec-19;21.02.2020;5.884925784;5;5.810220216;0.074705568;0.01;Neutral;0.067490415
CH0225173167;FY Dec-20;19.02.2021;5.533745765;5;5.74658214;-0.212836376;-0.04;Neutral;0.396301331
CH0225173167;FY Dec-21;16.02.2022;5.842358509;4;5.83171669;0.010641819; -   ;Positive;0.101799638
CH0225173167;FY Dec-22;23.02.2023;6.129687616;4;6.067432976;0.06225464;0.01;Neutral;0.283061738
CH0225173167;FY Dec-23;22.02.2024;5.725298503;3;5.441161941;0.284136561;0.05;Neutral;0.184890959
CH0231351104;FY Dec-19;18.02.2020;7.183227675;1;6.778838562;0.404389114;0.06;Positive;0
CH0231351104;FY Dec-20;19.02.2021;7.396064051;1;7.161944038;0.234120013;0.03;Neutral;0
CH0231351104;FY Dec-21;15.04.2022;7.74724407;1;7.738730615;0.008513455; -   ;Positive;0
CH0231351104;FY Dec-22;16.02.2023;7.864304077;1;7.862175713;0.002128364; -   ;Positive;0
CH0231351104;FY Dec-23;15.02.2024;8.460245929;1;8.831645404;-0.371399475;-0.04;Neutral;0
CH0238627142;FY Dec-19;19.02.2020;10.35448967;6;9.754291092;0.600198579;0.06;Positive;0.271887828
CH0238627142;FY Dec-20;03.03.2021;9.290307793;6;8.811425948;0.478881845;0.05;Neutral;0.35715008
CH0238627142;FY Dec-21;02.03.2022;11.1100588;6;13.80119386;-2.691135058;-0.19;Negativ;0.257308536
CH0238627142;FY Dec-22;12.01.2023;14.23875352;6;14.56545736;-0.326703836;-0.02;Neutral;0.377305685
CH0238627142;FY Dec-23;11.01.2024;10.2587133;7;10.79962631;-0.540913007;-0.05;Neutral;0.43069569
CH0239229302;FY Dec-19;06.03.2020;5.821074872;7;5.571907327;0.249167545;0.04;Neutral;0.259075078
CH0239229302;FY Dec-20;05.03.2021;5.214491201;8;4.910007482;0.304483719;0.06;Positive;0.383116118
CH0239229302;FY Dec-21;04.03.2022;6.842689474;6;6.929239386;-0.086549912;-0.01;Neutral;0.410284681
CH0239229302;FY Dec-22;03.03.2023;7.396064051;7;7.453380887;-0.057316836;-0.01;Neutral;0.315891749
CH0239229302;FY Dec-23;07.03.2024;7.279004044;6;7.354209777;-0.075205733;-0.01;Neutral;0.220956083
CH0239518779;FY Dec-19;16.03.2020;-9.418009619;2;-10.50879604;1.090786425;0.1;Positive;1.995341021
CH0239518779;FY Dec-20;15.03.2021;7.257720407;4;5.13999847;2.117721937;0.41;Positive;2.032438401
CH0239518779;FY Dec-21;14.03.2022;11.05684971;3;9.343516887;1.713332823;0.18;Positive;0.527387255
CH0239518779;FY Dec-22;13.03.2023;10.4821915;3;6.598640644;3.883550852;0.59;Positive;2.527027571
CH0239518779;FY Dec-23;04.03.2024;4.948445732;3;4.311713789;0.636731943;0.15;Positive;0.10005438
CH0244017502;FY Dec-19;17.03.2020;64.75546726;6;57.00272137;7.752745891;0.14;Positive;8.994763202
CH0244017502;FY Dec-20;03.02.2021;33.47916188;6;29.43545165;4.043710225;0.14;Positive;7.826217008
CH0244017502;FY Dec-21;04.02.2022;-14.69635173;3;-12.08662659;-2.609725144;-0.22;Negativ;2.952859949
CH0244017502;FY Dec-22;03.02.2023;18.82537742;6;17.67712517;1.148252246;0.06;Positive;0.579234196
CH0244017502;FY Dec-23;29.02.2024;21.58160848;4;22.8490491;-1.267440616;-0.06;Negativ;0.514042414
CH0244767585;FY Dec-19;21.01.2020;1.1975526;18;1.179784035;0.017768565;0.02;Neutral;0.05723912
CH0244767585;FY Dec-20;26.01.2021;1.7427798;21;1.499569524;0.243210276;0.16;Positive;0.108821507
CH0244767585;FY Dec-21;01.02.2022;2.0056572;21;2.025499576;-0.019842376;-0.01;Neutral;0.200332051
CH0244767585;FY Dec-22;31.01.2023;2.190645;20;2.04168114;0.14896386;0.07;Positive;0.129131221
CH0244767585;FY Dec-23;06.02.2024;0.0292086;11;1.067408815;-1.038200215;-0.97;Negativ;0.278932394
CH0256379097;FY Dec-19;20.03.2020;-1.798467373;5;-1.7548572;-0.043610173;-0.02;Neutral;0.370090532
CH0256379097;FY Dec-20;05.02.2021;-2.671096513;5;-1.560048066;-1.111048448;-0.71;Negativ;0.6559085
CH0256379097;FY Dec-21;15.03.2022;-2.192214668;6;-2.143868886;-0.048345783;-0.02;Neutral;0.45310736
CH0256379097;FY Dec-22;09.03.2023;3.767203847;4;3.56237012;0.204833728;0.06;Positive;0.383116118
CH0256379097;FY Dec-23;15.03.2024;-2.011303749;2;-2.123042846;0.111739097;0.05;Neutral;0.377784567
CH0276534614;FY Dec-19;26.02.2020;2.64;5;2.53099;0.10901;0.04;Neutral;0.24336
CH0276534614;FY Dec-20;24.02.2021;3.34;5;3.11827;0.22173;0.07;Positive;0.10334
CH0276534614;FY Dec-21;14.01.2022;5.12;5;4.97483;0.14517;0.03;Neutral;0.24924
CH0276534614;FY Dec-22;23.01.2023;4.83;3;4.58333;0.24667;0.05;Neutral;0.22881
CH0276534614;FY Dec-23;19.01.2024;3.83;4;4.0345;-0.2045;-0.05;Neutral;0.18003
CH0276837694;FY Dec-19;13.03.2020;1.106749153;2;1.032256421;0.074492731;0.07;Positive;0.031925456
CH0276837694;FY Dec-20;09.04.2021;0.819420046;3;0.727187403;0.092232643;0.13;Positive;0.096883118
CH0276837694;FY Dec-21;11.03.2022;1.202525522;4;1.183902339;0.018623183;0.02;Neutral;0.057987271
CH0276837694;FY Dec-22;10.03.2023;1.319585528;3;1.431675806;-0.112090277;-0.08;Negativ;0.088380305
CH0276837694;FY Dec-23;08.03.2024;1.213167341;3;1.216711066;-0.003543726; -   ;Positive;0.02007047
CH0284142913;FY Dec-19;20.03.2020;-;1;8.651798667;;;;0
CH0284142913;FY Dec-20;03.03.2021;6.512793092;1;7.811094983;-1.298301891;-0.17;Negativ;0
CH0284142913;FY Dec-21;09.03.2022;7.396064051;1;8.824196131;-1.42813208;-0.16;Negativ;0
CH0284142913;FY Dec-22;08.03.2023;12.13167341;1;8.987015958;3.144657449;0.35;Positive;0
CH0284142913;FY Dec-23;06.03.2024;9.396725981;1;8.238896098;1.157829883;0.14;Positive;0
CH0305285295;FY Dec-19;07.04.2020;3.920300402;-;-;;;;-
CH0305285295;FY Dec-20;29.03.2021;2.408911132;1;2.531412;-0.122500868;-0.05;Neutral;0
CH0305285295;FY Dec-21;29.03.2022;3.115584;2;3.018222;0.097362;0.03;Neutral;0.097362
CH0305285295;FY Dec-22;30.03.2023;3.115584;1;3.115584;0; -   ;Positive;0
CH0305285295;FY Dec-23;28.03.2024;-;1;2.43405;;;;0
CH0311864901;FY Dec-19;03.03.2020;2.649812876;12;3.004898443;-0.355085567;-0.12;Negativ;0.365716744
CH0311864901;FY Dec-20;14.01.2021;4.735609356;12;4.894087321;-0.158477965;-0.03;Neutral;0.322404542
CH0311864901;FY Dec-21;12.01.2022;7.704676795;13;7.561257004;0.143419792;0.02;Neutral;0.252945391
CH0311864901;FY Dec-22;12.01.2023;10.87593879;13;10.54710659;0.3288322;0.03;Neutral;0.387936862
CH0311864901;FY Dec-23;11.01.2024;6.746913105;15;6.423114485;0.32379862;0.05;Neutral;0.297641029
CH0315966322;FY Dec-19;17.02.2020;17.54835916;3;11.7435982;5.804760963;0.49;Positive;4.253396622
CH0315966322;FY Dec-20;12.02.2021;19.96405203;3;19.47524137;0.488810662;0.03;Neutral;1.852251126
CH0315966322;FY Dec-21;11.02.2022;21.97535578;3;23.14986139;-1.174505613;-0.05;Neutral;1.189499936
CH0315966322;FY Dec-22;10.02.2023;21.67738485;2;21.23787774;0.439507116;0.02;Neutral;1.263183889
CH0315966322;FY Dec-23;07.02.2024;21.96471396;2;23.92387279;-1.959158837;-0.08;Negativ;1.50156063
CH0319416936;FY Dec-19;10.03.2020;10.71631151;16;10.30373884;0.412572672;0.04;Neutral;0.208281677
CH0319416936;FY Dec-20;12.03.2021;-2.394409225;19;-2.971919446;0.577510221;0.19;Positive;2.183467093
CH0319416936;FY Dec-21;08.03.2022;-0.35118002;12;-0.579532167;0.228352147;0.39;Positive;0.343805239
CH0319416936;FY Dec-22;14.03.2023;7.172585856;14;5.672770485;1.499815371;0.26;Positive;0.914206726
CH0319416936;FY Dec-23;08.03.2024;10.54604241;15;10.04686662;0.499175793;0.05;Neutral;0.832637185
CH0325094297;FY Dec-19;01.04.2020;5.817882326;3;6.01262761;-0.194745284;-0.03;Neutral;4.176509481
CH0325094297;FY Dec-20;24.03.2021;3.74592021;2;4.762213903;-1.016293693;-0.21;Negativ;1.729295551
CH0325094297;FY Dec-21;24.03.2022;3.447949284;1;3.387290917;0.060658367;0.02;Neutral;0
CH0325094297;FY Dec-22;23.03.2023;7.821736802;2;5.235774839;2.585961963;0.49;Positive;1.928297563
CH0325094297;FY Dec-23;27.03.2024;3.511800197;1;3.03185417;0.479946027;0.16;Positive;0
CH0350494719;FY Dec-19;25.02.2020;;;;0;#DIV/0!;#DIV/0!;
CH0350494719;FY Dec-20;24.02.2021;;;;0;#DIV/0!;#DIV/0!;
CH0350494719;FY Dec-21;22.02.2022;;;;0;#DIV/0!;#DIV/0!;
CH0350494719;FY Dec-22;29.03.2023;;;;0;#DIV/0!;#DIV/0!;
CH0350494719;FY Dec-23;05.03.2024;34.57526921;1;32.24258253;2.332686676;0.07;Positive;0
CH0360674466;FY Dec-19;21.01.2020;2.692380151;10;2.938312583;-0.245932432;-0.08;Negativ;0.112728786
CH0360674466;FY Dec-20;09.03.2021;3.703352935;10;2.873823161;0.829529774;0.29;Positive;0.085166476
CH0360674466;FY Dec-21;08.03.2022;3.735278391;9;3.510618955;0.224659436;0.06;Positive;0.198203875
CH0360674466;FY Dec-22;06.03.2023;3.533083834;5;3.517546779;0.015537055; -   ;Positive;0.086475419
CH0360674466;FY Dec-23;18.01.2024;6.087120341;5;3.350470224;2.736650117;0.82;Positive;0.133107869
CH0360826991;FY Dec-19;19.03.2020;1.649481911;3;1.390534534;0.258947376;0.19;Positive;0.404421039
CH0360826991;FY Dec-20;27.01.2021;3.788487485;5;3.293642912;0.494844573;0.15;Positive;0.259628453
CH0360826991;FY Dec-21;20.01.2022;9.237098699;5;9.228798081;0.008300619; -   ;Positive;2.360578883
CH0360826991;FY Dec-22;02.03.2023;10.69502787;5;10.80889533;-0.113867461;-0.01;Neutral;0.477168512
CH0360826991;FY Dec-23;01.02.2024;2.107080118;4;0.992349601;1.114730517;1.12;Positive;0.682715242
CH0363463438;FY Dec-19;06.02.2020;-3.962598282;8;-3.824808012;-0.13779027;-0.04;Neutral;0.329172738
CH0363463438;FY Dec-20;04.02.2021;-3.30960564;12;-3.1202664;-0.18933924;-0.06;Negativ;0.238259681
CH0363463438;FY Dec-21;07.02.2022;-4.011965679;10;-3.866917689;-0.14504799;-0.04;Neutral;0.317583798
CH0363463438;FY Dec-22;07.02.2023;-4.969729369;11;-4.993332923;0.023603554; -   ;Positive;0.433792459
CH0363463438;FY Dec-23;21.05.2024;-1.777183736;7;-2.272783878;0.495600142;0.22;Positive;0.608914229
CH0386200239;FY Dec-19;03.03.2020;0.191552738;2;0.43631457;-0.244761832;-0.56;Negativ;0.031925456
CH0386200239;FY Dec-20;10.03.2021;-0.08513455;1;-0.319254563;0.234120013;0.73;Positive;0
CH0386200239;FY Dec-21;07.03.2022;0.617225489;3;0.743863133;-0.126637643;-0.17;Negativ;0.050750834
CH0386200239;FY Dec-22;14.03.2023;0.127701825;2;-0.081942005;0.20964383;2.56;Positive;0.054273276
CH0386200239;FY Dec-23;12.03.2024;0.212836376;3;0.546989485;-0.33415311;-0.61;Negativ;0.11953955
CH0404880129;FY Dec-19;19.03.2020;0.117060007;1;-0.042567275;0.159627282;3.75;Positive;0
CH0404880129;FY Dec-20;18.03.2021;0.063850913;1;0.074492731;-0.010641819;-0.14;Negativ;0
CH0404880129;FY Dec-21;16.03.2022;0.138343644;2;0.100033097;0.038310548;0.38;Positive;0.014898546
CH0404880129;FY Dec-22;16.03.2023;-;-;-;;;;-
CH0404880129;FY Dec-23;14.03.2024;0.127701825;1;0.086198732;0.041503093;0.48;Positive;0
CH0406705126;FY Dec-19;10.03.2020;0.372463657;3;0.030510094;0.341953563;11.21;Positive;0.228479849
CH0406705126;FY Dec-20;16.03.2021;3.203187452;2;2.751974336;0.451213116;0.16;Positive;0.197937829
CH0406705126;FY Dec-21;14.03.2022;4.512131162;3;3.810484124;0.701647037;0.18;Positive;0.445168563
CH0406705126;FY Dec-22;14.03.2023;4.341862061;4;4.246883829;0.094978233;0.02;Neutral;0.252913465
CH0406705126;FY Dec-23;12.03.2024;-0.446956389;5;-0.109397897;-0.337558492;-3.09;Negativ;0.219891901
CH0418792922;FY Dec-19;21.02.2020;5.118714832;12;5.478323172;-0.35960834;-0.07;Negativ;0.238738562
CH0418792922;FY Dec-20;19.02.2021;5.555029402;18;5.692425924;-0.137396522;-0.02;Neutral;0.398568039
CH0418792922;FY Dec-21;18.02.2022;7.023600393;19;7.401948977;-0.378348583;-0.05;Neutral;0.490811324
CH0418792922;FY Dec-22;17.02.2023;7.757885889;23;8.002190123;-0.244304234;-0.03;Neutral;0.471507065
CH0418792922;FY Dec-23;16.02.2024;7.076809487;23;7.317452935;-0.240643448;-0.03;Neutral;0.435803763
CH0432492467;FY Dec-20;23.02.2021;1.0125648;9;0.985517636;0.027047164;0.03;Neutral;0.07663363
CH0432492467;FY Dec-21;15.02.2022;2.093283;10;2.047912308;0.045370692;0.02;Neutral;0.021244388
CH0432492467;FY Dec-22;27.02.2023;2.1809088;15;2.205570595;-0.024661795;-0.01;Neutral;0.075874207
CH0432492467;FY Dec-23;27.02.2024;2.6677188;27;2.661477896;0.006240904; -   ;Positive;0.085863548
CH0435377954;FY Dec-19;25.02.2020;0.68;12;0.67642;0.00358;0.01;Neutral;0.0216
CH0435377954;FY Dec-20;23.02.2021;0.73;13;0.69826;0.03174;0.05;Neutral;0.03247
CH0435377954;FY Dec-21;01.03.2022;0.75;13;0.77036;-0.02036;-0.03;Neutral;0.03399
CH0435377954;FY Dec-22;28.02.2023;0.79;12;0.77824;0.01176;0.02;Neutral;0.06818
CH0435377954;FY Dec-23;27.02.2024;0.83;13;0.81555;0.01445;0.02;Neutral;0.09006
CH0461929603;FY Dec-22;20.04.2023;2.128363756;-;-;;;;-
CH0461929603;FY Dec-23;23.04.2024;2.213498306;1;-0.617225489;2.830723795;4.59;Positive;0
CH0466642201;FY Dec-19;04.03.2020;11.19519335;8;11.52309972;-0.327906362;-0.03;Neutral;0.713853204
CH0466642201;FY Dec-20;25.03.2021;5.065505738;6;5.003251098;0.06225464;0.01;Neutral;0.880025204
CH0466642201;FY Dec-21;24.03.2022;9.758547819;6;9.550149082;0.208398737;0.02;Neutral;0.734445123
CH0466642201;FY Dec-22;06.03.2023;11.2803279;5;10.30170625;0.978621655;0.09;Positive;0.497036788
CH0466642201;FY Dec-23;11.04.2024;5.682731227;5;6.441918579;-0.759187352;-0.12;Negativ;1.02177423
CH0468525222;FY Dec-20;21.01.2021;1.85;3;1.63167;0.21833;0.13;Positive;0.1631
CH0468525222;FY Dec-21;20.01.2022;2.58;3;3.005;-0.425;-0.14;Negativ;0.19028
CH0468525222;FY Dec-22;03.02.2023;2.31;4;2.906;-0.596;-0.21;Negativ;0.04988
CH0468525222;FY Dec-23;02.02.2024;2.37;7;3.03943;-0.66943;-0.22;Negativ;0.25218
CH0478634105;FY Dec-19;28.02.2020;2.224140125;1;2.969067439;-0.744927314;-0.25;Negativ;0
CH0478634105;FY Dec-20;02.03.2021;-0.425672751;1;-0.276687288;-0.148985463;-0.54;Negativ;0
CH0478634105;FY Dec-21;30.03.2022;-0.053209094;1;-0.095776369;0.042567275;0.44;Positive;0
CH0478634105;FY Dec-22;09.03.2023;0.734285496;1;0.266045469;0.468240026;1.76;Positive;0
CH0478634105;FY Dec-23;21.03.2024;-0.489523664;1;0.457598207;-0.947121871;-2.07;Negativ;0
CH0496451508;FY Dec-20;25.03.2021;1.213167341;11;0.92090043;0.292266911;0.32;Positive;0.070480766
CH0496451508;FY Dec-21;03.03.2022;0.755569133;10;0.860071794;-0.10450266;-0.12;Negativ;0.142866417
CH0496451508;FY Dec-22;02.03.2023;0.78749459;10;0.879971995;-0.092477405;-0.11;Negativ;0.069182464
CH0496451508;FY Dec-23;15.02.2024;0.744927314;11;0.821931515;-0.077004201;-0.09;Negativ;0.093424527
CH0528751586;FY Dec-19;28.02.2020;2.758359427;4;2.729892562;0.028466865;0.01;Neutral;0.049250337
CH0528751586;FY Dec-20;05.03.2021;3.181903815;4;3.131355175;0.050548639;0.02;Neutral;0.029743883
CH0528751586;FY Dec-21;03.03.2022;3.852338398;2;3.724636572;0.127701825;0.03;Neutral;0
CH0528751586;FY Dec-22;02.03.2023;4.09710023;1;3.8874564;0.20964383;0.05;Neutral;0
CH0528751586;FY Dec-23;29.02.2024;5.044222101;1;5.252801749;-0.208579648;-0.04;Neutral;0
CH0530235594;FY Dec-19;17.03.2020;3.918317674;4;3.697233889;0.221083785;0.06;Positive;0.11743247
CH0530235594;FY Dec-20;16.03.2021;4.363145699;4;3.586292928;0.776852771;0.22;Positive;0.188424043
CH0530235594;FY Dec-21;15.03.2022;3.426665647;4;3.592678019;-0.166012373;-0.05;Neutral;0.222275669
CH0530235594;FY Dec-22;14.03.2023;2.181572849;2;0.585300033;1.596272817;2.73;Positive;0.446956389
CH0530235594;FY Dec-23;19.03.2024;3.39474019;5;4.337179661;-0.942439471;-0.22;Negativ;0.267960997
CH0531751755;FY Dec-19;27.02.2020;4.502553525;3;4.401424321;0.101129204;0.02;Neutral;0.066926398
CH0531751755;FY Dec-20;18.02.2021;4.107742048;3;3.89881122;0.208930828;0.05;Neutral;0.041215764
CH0531751755;FY Dec-21;17.02.2022;4.682400262;1;4.287588786;0.394811477;0.09;Positive;0
CH0531751755;FY Dec-22;10.02.2023;4.810102088;1;4.525965526;0.284136561;0.06;Positive;0
CH0531751755;FY Dec-23;08.02.2024;5.799791234;1;6.076478522;-0.276687288;-0.05;Neutral;0
CH0542483745;FY Dec-21;15.03.2022;9.173247787;2;9.335003432;-0.161755645;-0.02;Neutral;0.214964739
CH0542483745;FY Dec-22;15.03.2023;1.30894371;4;2.649280785;-1.340337075;-0.51;Negativ;0.574828483
CH0542483745;FY Dec-23;13.03.2024;1.936811018;3;2.495155323;-0.558344306;-0.22;Negativ;0.284498383
CH1101098163;FY Dec-19;09.03.2020;10.4821915;7;8.535377169;1.946814327;0.23;Positive;0.180581023
CH1101098163;FY Dec-20;08.03.2021;7.50354642;9;7.238213953;0.265332468;0.04;Neutral;0.147357265
CH1101098163;FY Dec-21;20.01.2022;10.01395147;10;10.30053565;-0.28658418;-0.03;Neutral;0.290808982
CH1101098163;FY Dec-22;19.01.2023;10.63117696;9;10.65837745;-0.027200489; -   ;Positive;0.225542707
CH1101098163;FY Dec-23;22.01.2024;11.85498612;10;10.73238066;1.122605463;0.1;Positive;0.519022785
CH1169151003;FY Dec-19;26.02.2020;2.234781943;7;2.274816466;-0.040034522;-0.02;Neutral;0.164139413
CH1169151003;FY Dec-20;03.03.2021;1.489854629;9;1.312381017;0.177473612;0.14;Positive;0.145931261
CH1169151003;FY Dec-21;02.03.2022;2.766872882;8;2.600786017;0.166086866;0.06;Positive;0.102033758
CH1169151003;FY Dec-22;02.03.2023;3.586292928;6;3.402008552;0.184284376;0.05;Neutral;0.074375671
CH1169151003;FY Dec-23;19.03.2024;3.054201989;8;3.297367548;-0.243165559;-0.07;Negativ;0.300173782
CH1173567111;FY Dec-19;19.02.2020;8.094167363;4;8.378016595;-0.283849232;-0.03;Neutral;0.754824206
CH1173567111;FY Dec-20;02.03.2021;10.67480842;5;9.733901367;0.940907049;0.1;Positive;0.64209542
CH1173567111;FY Dec-21;04.03.2022;2.584897781;6;3.858648996;-1.273751215;-0.33;Negativ;0.631102421
CH1173567111;FY Dec-22;02.03.2023;2.107080118;6;2.900246797;-0.793166679;-0.27;Negativ;0.698922732
CH1173567111;FY Dec-23;31.01.2024;1.692049186;5;2.67833295;-0.986283764;-0.37;Negativ;0.630357493
CH1175448666;FY Dec-19;18.02.2020;2.256065581;18;2.274880317;-0.018814736;-0.01;Neutral;0.097181089
CH1175448666;FY Dec-20;16.02.2021;1.719717915;13;1.619099518;0.100618397;0.06;Positive;0.123274829
CH1175448666;FY Dec-21;15.02.2022;3.018019805;14;2.89336154;0.124658265;0.04;Neutral;0.155498256
CH1175448666;FY Dec-22;21.02.2023;3.213829271;14;3.294249495;-0.080420225;-0.02;Neutral;0.075344077
CH1175448666;FY Dec-23;27.02.2024;2.937141983;16;3.120979402;-0.183837419;-0.06;Negativ;0.134874411
CH1176493729;FY Dec-19;15.04.2020;0.832190228;3;0.830774867;0.001415362; -   ;Positive;0.014472874
CH1176493729;FY Dec-20;12.03.2021;1.187626976;4;1.089722243;0.097904733;0.09;Positive;0.018559332
CH1176493729;FY Dec-21;18.03.2022;1.721846278;7;1.691016929;0.030829349;0.02;Neutral;0.044450877
CH1176493729;FY Dec-22;07.03.2023;1.457929173;5;1.554556887;-0.096627715;-0.06;Negativ;0.054581889
CH1176493729;FY Dec-23;07.03.2024;1.596272817;5;1.500070775;0.096202042;0.06;Positive;0.053826319
CH1248667003;FY Dec-19;10.03.2020;46.53667352;5;55.5115578;-8.974884285;-0.16;Negativ;4.898950633
CH1248667003;FY Dec-20;05.03.2021;76.92970795;3;60.88575078;16.04395717;0.26;Positive;5.653721629
CH1248667003;FY Dec-21;04.03.2022;62.78673079;5;61.95539191;0.831338883;0.01;Neutral;8.540421391
CH1248667003;FY Dec-22;06.03.2023;21.60289212;5;24.66858727;-3.065695154;-0.12;Negativ;3.059490973
CH1248667003;FY Dec-23;07.03.2024;20.53871024;5;21.10975024;-0.571039996;-0.03;Neutral;3.603085718
CH1252930610;FY Dec-19;19.02.2020;5.059461185;1;4.982010028;0.077451157;0.02;Neutral;0
CH1252930610;FY Dec-20;02.02.2021;-;1;4.931770002;;;;0
CH1252930610;FY Dec-21;03.02.2022;5.461370755;1;6.124100661;-0.662729906;-0.11;Negativ;0
CH1252930610;FY Dec-22;07.02.2023;5.593244173;1;5.635736956;-0.042492782;-0.01;Neutral;0
CH1252930610;FY Dec-23;01.02.2024;5.704014865;1;5.917915422;-0.213900557;-0.04;Neutral;0
CH1256740924;FY Dec-19;28.01.2020;3.612684639;21;3.601148907;0.011535732; -   ;Positive;0.200598284
CH1256740924;FY Dec-20;28.01.2021;3.211275234;22;3.028970237;0.182304997;0.06;Positive;0.119369281
CH1256740924;FY Dec-21;27.01.2022;3.808068432;22;3.829788384;-0.021719952;-0.01;Neutral;0.096319102
CH1256740924;FY Dec-22;26.01.2023;3.926405456;15;3.819742507;0.10666295;0.03;Neutral;0.121987169
CH1256740924;FY Dec-23;26.01.2024;3.703352935;17;3.819540312;-0.116187377;-0.03;Neutral;0.123860129
CH1261338102;FY Dec-19;19.02.2020;14.73;3;19.164;-4.434;-0.23;Negativ;5.26676
CH1261338102;FY Dec-20;18.02.2021;9.42;3;15.841;-6.421;-0.41;Negativ;3.69143
CH1261338102;FY Dec-21;03.05.2022;32.49;3;29.164;3.326;0.11;Positive;0.58432
CH1261338102;FY Dec-22;20.04.2023;41.22;3;34.008;7.212;0.21;Positive;4.582
CH1261338102;FY Dec-23;15.02.2024;47.39;3;43.302;4.088;0.09;Positive;5.98174
CH1263676327;FY Dec-19;06.04.2020;1.362152804;1;1.727380024;-0.36522722;-0.21;Negativ;0
CH1263676327;FY Dec-20;22.04.2021;3.320247459;1;2.302038238;1.018209221;0.44;Positive;0
CH1263676327;FY Dec-21;11.04.2022;1.362152804;1;3.872345017;-2.510192213;-0.65;Negativ;0
CH1263676327;FY Dec-22;05.04.2023;1.958094655;2;2.704511824;-0.746417169;-0.28;Negativ;0.07044884
CH1263676327;FY Dec-23;23.04.2024;8.907202317;3;8.623416936;0.283785381;0.03;Neutral;1.557398253
CH1276028821;FY Dec-19;24.03.2020;-18.41034649;2;-19.04885561;0.638509127;0.03;Neutral;19.47452836
CH1276028821;FY Dec-20;16.02.2021;-54.06043939;2;-31.44125358;-22.61918581;-0.72;Negativ;0.367142748
CH1276028821;FY Dec-21;11.03.2022;-17.23974642;1;-9.471218712;-7.768527708;-0.82;Negativ;0
CH1276028821;FY Dec-22;27.04.2023;;;;0;#DIV/0!;#DIV/0!;
CH1276028821;FY Dec-23;25.04.2024;5.13999847;1;-6.502151273;11.64214974;1.79;Positive;0
CH1276062754;FY Dec-19;10.03.2020;;;;0;#DIV/0!;#DIV/0!;
CH1276062754;FY Dec-20;30.04.2021;-35.65009291;1;-24.8922783;-10.7578146;-0.43;Negativ;0
CH1276062754;FY Dec-21;31.01.2022;-14.89854629;2;-14.87566638;-0.02287991; -   ;Positive;1.041301967
CH1276062754;FY Dec-22;21.04.2023;-12.1848825;1;-6.385091267;-5.799791234;-0.91;Negativ;0
CH1276062754;FY Dec-23;15.05.2024;-4.837770816;1;-4.224802055;-0.612968762;-0.15;Negativ;0
CH1357065999;FY Dec-19;12.03.2020;-8.826856585;3;-3.384066446;-5.442790139;-1.61;Negativ;2.809440157
CH1357065999;FY Dec-20;11.03.2021;-10.62245067;7;-6.712327194;-3.910123474;-0.58;Negativ;1.236983731
CH1357065999;FY Dec-21;24.03.2022;-10.62245067;7;-6.257421367;-4.365029301;-0.7;Negativ;2.035258483
CH1357065999;FY Dec-22;23.03.2023;-6.001698462;8;-6.887853353;0.886154891;0.13;Positive;2.274646197
CH1357065999;FY Dec-23;14.03.2024;-63.85207263;7;-13.07349565;-50.77857697;-3.88;Negativ;3.296431068
IT0004147952;FY Dec-19;05.03.2020;-1.13;3;-1.49333;0.36333;0.24;Positive;0.16007
IT0004147952;FY Dec-20;16.03.2021;-1.18;4;-1.115;-0.065;-0.06;Negativ;0.19767
IT0004147952;FY Dec-21;16.03.2022;-0.84;3;-1.05667;0.21667;0.21;Positive;0.0834
IT0004147952;FY Dec-22;14.03.2023;-0.98;3;-0.95967;-0.02033;-0.02;Neutral;0.06424
IT0004147952;FY Dec-23;19.03.2024;-0.91;3;-0.85667;-0.05333;-0.06;Negativ;0.02625
LI0315487269;FY Dec-19;10.03.2020;13.06815346;2;11.73792611;1.330227347;0.11;Positive;0.542732758
LI0315487269;FY Dec-20;09.03.2021;7.342854957;3;7.768527708;-0.425672751;-0.05;Neutral;0.601997046
LI0315487269;FY Dec-21;08.03.2022;8.832709586;3;11.54708638;-2.71437679;-0.24;Negativ;1.366622367
LI0315487269;FY Dec-22;21.04.2023;6.959749481;4;7.345515412;-0.385765931;-0.05;Neutral;0.631432317
LI0315487269;FY Dec-23;12.03.2024;7.619542245;4;7.949172582;-0.329630337;-0.04;Neutral;0.369228544
LI0355147575;FY Dec-19;12.03.2020;4.011965679;2;4.35250388;-0.340538201;-0.08;Negativ;0.021283638
LI0355147575;FY Dec-20;11.03.2021;3.596934747;2;4.235443874;-0.638509127;-0.15;Negativ;0.372463657
LI0355147575;FY Dec-21;25.03.2022;4.501489343;1;4.527029708;-0.025540365;-0.01;Neutral;0
LI0355147575;FY Dec-22;27.02.2023;5.108073013;1;4.130089868;0.977983146;0.24;Positive;0
LI0355147575;FY Dec-23;26.02.2024;5.682731227;2;6.077542704;-0.394811477;-0.06;Negativ;0.467175844
NL0010733960;FY Dec-19;14.02.2020;2.27;3;2.56333;-0.29333;-0.11;Negativ;0.17134
NL0010733960;FY Dec-20;10.02.2021;-5.56;2;-2.45;-3.11;-1.27;Negativ;0.11
NL0010733960;FY Dec-21;10.02.2022;-0.87;1;-0.74;-0.13;-0.18;Negativ;0
NL0010733960;FY Dec-22;09.02.2023;-1.37;1;-1;-0.37;-0.37;Negativ;0
NL0010733960;FY Dec-23;04.04.2024;0.65;2;0.655;-0.005;-0.01;Neutral;0.275
NL0011832936;FY Dec-19;08.04.2020;-1.669;3;-1.80733;0.13833;0.08;Positive;0.08231
NL0011832936;FY Dec-20;26.03.2021;-0.546;1;-0.549;0.003;0.01;Neutral;0
NL0011832936;FY Dec-21;31.03.2022;1.282;2;0.795;0.487;0.61;Positive;0.365
NL0011832936;FY Dec-22;23.03.2023;1.049;4;1.336;-0.287;-0.21;Negativ;0.14865
NL0011832936;FY Dec-23;20.03.2024;0.071;2;4.34;-4.269;-0.98;Negativ;0.08
