Name;NEW SECTOR SWISS PERFORMANCE IDX - PRICE INDEX
04.12.2013;110.72
05.12.2013;110.44
06.12.2013;110.96
09.12.2013;110.92
10.12.2013;109.85
11.12.2013;109.62
12.12.2013;108.26
13.12.2013;108.01
16.12.2013;108.44
17.12.2013;108.11
18.12.2013;108.85
19.12.2013;110.73
20.12.2013;111.55
23.12.2013;111.95
24.12.2013;111.95
25.12.2013;111.95
26.12.2013;111.95
27.12.2013;113.41
30.12.2013;113.22
31.12.2013;113.22
01.01.2014;113.22
02.01.2014;113.22
03.01.2014;114.13
06.01.2014;114.15
07.01.2014;114.76
08.01.2014;115.15
09.01.2014;114.48
10.01.2014;115.39
13.01.2014;116.01
14.01.2014;115.68
15.01.2014;116.22
16.01.2014;116.45
17.01.2014;116.81
20.01.2014;116.88
21.01.2014;116.96
22.01.2014;116.74
23.01.2014;115.92
24.01.2014;113.19
27.01.2014;112.21
28.01.2014;113.09
29.01.2014;112.42
30.01.2014;113.27
31.01.2014;113.11
03.02.2014;111.91
04.02.2014;111.71
05.02.2014;112
06.02.2014;113.42
07.02.2014;114.71
10.02.2014;114.76
11.02.2014;115.31
12.02.2014;115.86
13.02.2014;115.73
14.02.2014;116.18
17.02.2014;116.22
18.02.2014;116.21
19.02.2014;116.17
20.02.2014;115.72
21.02.2014;116.35
24.02.2014;117.08
25.02.2014;117.36
26.02.2014;117.75
27.02.2014;117.04
28.02.2014;117.22
03.03.2014;114.58
04.03.2014;116.79
05.03.2014;117.1
06.03.2014;117.55
07.03.2014;116.2
10.03.2014;116
11.03.2014;115.89
12.03.2014;115.13
13.03.2014;113.79
14.03.2014;112.57
17.03.2014;113.32
18.03.2014;114.42
19.03.2014;114.24
20.03.2014;114.59
21.03.2014;114.98
24.03.2014;113.67
25.03.2014;115.02
26.03.2014;115.59
27.03.2014;115.52
28.03.2014;116.13
31.03.2014;117.17
01.04.2014;117.25
02.04.2014;117.93
03.04.2014;118.09
04.04.2014;117.97
07.04.2014;116.6
08.04.2014;116.69
09.04.2014;116.65
10.04.2014;116.72
11.04.2014;115.04
14.04.2014;115.05
15.04.2014;114.58
16.04.2014;115.29
17.04.2014;116.02
18.04.2014;116.02
21.04.2014;116.02
22.04.2014;117.31
23.04.2014;117.1
24.04.2014;116.75
25.04.2014;116.35
28.04.2014;116.46
29.04.2014;117.15
30.04.2014;117.69
01.05.2014;117.69
02.05.2014;117.32
05.05.2014;116.88
06.05.2014;116.68
07.05.2014;116.94
08.05.2014;117.49
09.05.2014;118.08
12.05.2014;118.63
13.05.2014;118.55
14.05.2014;119.33
15.05.2014;119.43
16.05.2014;119.8
19.05.2014;119.42
20.05.2014;119.33
21.05.2014;119.65
22.05.2014;120.18
23.05.2014;120.29
26.05.2014;120.51
27.05.2014;120.54
28.05.2014;120.5
29.05.2014;120.5
30.05.2014;120.21
02.06.2014;120.38
03.06.2014;119.97
04.06.2014;120.06
05.06.2014;119.9
06.06.2014;120.25
09.06.2014;120.25
10.06.2014;121.36
11.06.2014;120.82
12.06.2014;120.36
13.06.2014;120.07
16.06.2014;120.05
17.06.2014;120.11
18.06.2014;120.04
19.06.2014;120.33
20.06.2014;120.69
23.06.2014;119.96
24.06.2014;120.32
25.06.2014;119.07
26.06.2014;118.57
27.06.2014;118.82
30.06.2014;118.75
01.07.2014;119.46
02.07.2014;119.5
03.07.2014;120.67
04.07.2014;120.47
07.07.2014;119.63
08.07.2014;118.83
09.07.2014;118.6
10.07.2014;117.68
11.07.2014;117.65
14.07.2014;119.03
15.07.2014;119.11
16.07.2014;119.74
17.07.2014;118.87
18.07.2014;118.36
21.07.2014;118.32
22.07.2014;119.39
23.07.2014;119.59
24.07.2014;120.03
25.07.2014;119.16
28.07.2014;118.6
29.07.2014;118.7
30.07.2014;118.17
31.07.2014;116.97
01.08.2014;116.97
04.08.2014;115.44
05.08.2014;115.98
06.08.2014;115.18
07.08.2014;115.36
08.08.2014;114.84
11.08.2014;115.74
12.08.2014;115.75
13.08.2014;116.55
14.08.2014;117.15
15.08.2014;116.36
18.08.2014;117.54
19.08.2014;118.57
20.08.2014;118.55
21.08.2014;119.1
22.08.2014;118.93
25.08.2014;119.71
26.08.2014;120.49
27.08.2014;120.41
28.08.2014;119.8
29.08.2014;120.26
01.09.2014;121.29
02.09.2014;121.5
03.09.2014;122.04
04.09.2014;122.41
05.09.2014;121.82
08.09.2014;122.14
09.09.2014;122.22
10.09.2014;122.06
11.09.2014;122.23
12.09.2014;121.84
15.09.2014;121.83
16.09.2014;121.84
17.09.2014;122.12
18.09.2014;122.26
19.09.2014;122.4
22.09.2014;122.11
23.09.2014;121.34
24.09.2014;121.73
25.09.2014;121.35
26.09.2014;121.33
29.09.2014;121.26
30.09.2014;122.01
01.10.2014;121.38
02.10.2014;119.55
03.10.2014;120.04
06.10.2014;120.46
07.10.2014;118.32
08.10.2014;117.68
09.10.2014;117.15
10.10.2014;115.57
13.10.2014;115.09
14.10.2014;115.03
15.10.2014;112.44
16.10.2014;111.39
17.10.2014;114.09
20.10.2014;114.52
21.10.2014;116.17
22.10.2014;117.55
23.10.2014;118.13
24.10.2014;117.93
27.10.2014;117.73
28.10.2014;119.19
29.10.2014;119.55
30.10.2014;120.44
31.10.2014;121.95
03.11.2014;120.81
04.11.2014;120.41
05.11.2014;122.06
06.11.2014;122.39
07.11.2014;121.74
10.11.2014;122.46
11.11.2014;122.85
12.11.2014;122.44
13.11.2014;123.53
14.11.2014;123
17.11.2014;123.11
18.11.2014;123.74
19.11.2014;123.9
20.11.2014;123.99
21.11.2014;125.23
24.11.2014;125
25.11.2014;124.85
26.11.2014;124.99
27.11.2014;125.92
28.11.2014;126.15
01.12.2014;126.04
02.12.2014;125.96
03.12.2014;126.41
04.12.2014;125.8
05.12.2014;127.12
08.12.2014;126.54
09.12.2014;124.75
10.12.2014;124.35
11.12.2014;124.78
12.12.2014;122.7
15.12.2014;120.36
16.12.2014;121.4
17.12.2014;121.24
18.12.2014;124.34
19.12.2014;124.06
22.12.2014;124.82
23.12.2014;124.72
24.12.2014;124.72
25.12.2014;124.72
26.12.2014;124.72
29.12.2014;124.89
30.12.2014;124.24
31.12.2014;124.24
01.01.2015;124.24
02.01.2015;124.24
05.01.2015;123.67
06.01.2015;122.84
07.01.2015;123.17
08.01.2015;126.24
09.01.2015;125.91
12.01.2015;126.49
13.01.2015;128.26
14.01.2015;127.11
15.01.2015;116.21
16.01.2015;109.48
19.01.2015;112.8
20.01.2015;113.03
21.01.2015;110.81
22.01.2015;110.69
23.01.2015;112.8
26.01.2015;114.65
27.01.2015;115.88
28.01.2015;114.74
29.01.2015;116.39
30.01.2015;115.9
02.02.2015;116.52
03.02.2015;116.94
04.02.2015;118.95
05.02.2015;118.25
06.02.2015;118.78
09.02.2015;119.3
10.02.2015;119.27
11.02.2015;118.73
12.02.2015;119.3
13.02.2015;119.93
16.02.2015;120.72
17.02.2015;121.17
18.02.2015;122.01
19.02.2015;123.31
20.02.2015;123.21
23.02.2015;124.35
24.02.2015;124.58
25.02.2015;124.57
26.02.2015;125.43
27.02.2015;125.12
02.03.2015;125.73
03.03.2015;124.45
04.03.2015;124.89
05.03.2015;125.58
06.03.2015;126.17
09.03.2015;125.76
10.03.2015;125.3
11.03.2015;126.47
12.03.2015;126.64
13.03.2015;127.23
16.03.2015;128.2
17.03.2015;127.65
18.03.2015;128.33
19.03.2015;129.24
20.03.2015;130.21
23.03.2015;129.89
24.03.2015;129
25.03.2015;127.6
26.03.2015;126.24
27.03.2015;126.17
30.03.2015;127.79
31.03.2015;126.81
01.04.2015;126.9
02.04.2015;126.89
03.04.2015;126.89
06.04.2015;126.89
07.04.2015;128.58
08.04.2015;128.45
09.04.2015;130.37
10.04.2015;131.37
13.04.2015;130.88
14.04.2015;130.66
15.04.2015;130.83
16.04.2015;130.39
17.04.2015;128.28
20.04.2015;128.37
21.04.2015;129.11
22.04.2015;129.75
23.04.2015;129.55
24.04.2015;129.12
27.04.2015;129.7
28.04.2015;128.49
29.04.2015;126.5
30.04.2015;126.24
01.05.2015;126.24
04.05.2015;126.53
05.05.2015;125.52
06.05.2015;123.75
07.05.2015;123.53
08.05.2015;126.29
11.05.2015;126.68
12.05.2015;125.63
13.05.2015;125.73
14.05.2015;125.73
15.05.2015;126.58
18.05.2015;127.66
19.05.2015;128.94
20.05.2015;129.19
21.05.2015;129.73
22.05.2015;129.57
25.05.2015;129.57
26.05.2015;128.45
27.05.2015;130
28.05.2015;129.99
29.05.2015;128
01.06.2015;128.4
02.06.2015;127.53
03.06.2015;128.26
04.06.2015;128
05.06.2015;126.27
08.06.2015;125.69
09.06.2015;124.7
10.06.2015;126.22
11.06.2015;126.73
12.06.2015;125.19
15.06.2015;123.72
16.06.2015;124.28
17.06.2015;123.47
18.06.2015;123.08
19.06.2015;122.97
22.06.2015;124.93
23.06.2015;126.4
24.06.2015;125.69
25.06.2015;125.17
26.06.2015;124.67
29.06.2015;122.8
30.06.2015;121.69
01.07.2015;123.39
02.07.2015;124.05
03.07.2015;123.44
06.07.2015;122.7
07.07.2015;121.34
08.07.2015;122.41
09.07.2015;124.2
10.07.2015;126.2
13.07.2015;127.76
14.07.2015;128.57
15.07.2015;128.66
16.07.2015;130.52
17.07.2015;130.41
20.07.2015;130.89
21.07.2015;129.69
22.07.2015;128.47
23.07.2015;129.65
24.07.2015;128.84
27.07.2015;127.2
28.07.2015;128.3
29.07.2015;129.75
30.07.2015;129.93
31.07.2015;130.38
03.08.2015;130.96
04.08.2015;131.15
05.08.2015;131.84
06.08.2015;130.9
07.08.2015;130.19
10.08.2015;131.5
11.08.2015;130.44
12.08.2015;127.25
13.08.2015;129.05
14.08.2015;129.37
17.08.2015;129.94
18.08.2015;129.84
19.08.2015;128.09
20.08.2015;126.09
21.08.2015;122.11
24.08.2015;117.6
25.08.2015;121.58
26.08.2015;118.93
27.08.2015;122.37
28.08.2015;121.97
31.08.2015;122.53
01.09.2015;119.83
02.09.2015;119.91
03.09.2015;121.89
04.09.2015;120.28
07.09.2015;120.91
08.09.2015;121.77
09.09.2015;123.21
10.09.2015;122.04
11.09.2015;121.93
14.09.2015;120.83
15.09.2015;122.14
16.09.2015;123.17
17.09.2015;122.95
18.09.2015;121.5
21.09.2015;122.1
22.09.2015;118.12
23.09.2015;117.79
24.09.2015;115.4
25.09.2015;118.31
28.09.2015;116.63
29.09.2015;115.8
30.09.2015;118.29
01.10.2015;118.3
02.10.2015;118.41
05.10.2015;121.41
06.10.2015;121.87
07.10.2015;120.28
08.10.2015;120.82
09.10.2015;120.99
12.10.2015;121.31
13.10.2015;120.58
14.10.2015;119.47
15.10.2015;120.46
16.10.2015;121.29
19.10.2015;121.17
20.10.2015;120.56
21.10.2015;120.07
22.10.2015;122.45
23.10.2015;124.13
26.10.2015;124.12
27.10.2015;123.26
28.10.2015;124.37
29.10.2015;124.71
30.10.2015;124.47
02.11.2015;124.64
03.11.2015;124.68
04.11.2015;124.89
05.11.2015;125.39
06.11.2015;125.22
09.11.2015;123.95
10.11.2015;123.57
11.11.2015;124.13
12.11.2015;123.19
13.11.2015;122.36
16.11.2015;122.08
17.11.2015;125.02
18.11.2015;125.54
19.11.2015;125.77
20.11.2015;125.89
23.11.2015;124.78
24.11.2015;123.23
25.11.2015;124.89
26.11.2015;125.33
27.11.2015;125.8
30.11.2015;125.83
01.12.2015;125.94
02.12.2015;126.23
03.12.2015;124.16
04.12.2015;123.47
07.12.2015;123.91
08.12.2015;122.17
09.12.2015;121.13
10.12.2015;121.14
11.12.2015;119.37
14.12.2015;117.81
15.12.2015;120.6
16.12.2015;120.94
17.12.2015;121.68
18.12.2015;121.01
21.12.2015;120.16
22.12.2015;119.84
23.12.2015;122.33
24.12.2015;122.33
25.12.2015;122.33
28.12.2015;122.82
29.12.2015;124.75
30.12.2015;123.93
31.12.2015;123.93
01.01.2016;123.93
04.01.2016;121.69
05.01.2016;122.27
06.01.2016;121
07.01.2016;118.71
08.01.2016;116.21
11.01.2016;115.65
12.01.2016;117.25
13.01.2016;118.34
14.01.2016;116.77
15.01.2016;113.99
18.01.2016;113.78
19.01.2016;115.56
20.01.2016;112.14
21.01.2016;113.02
22.01.2016;116.19
25.01.2016;116.04
26.01.2016;116.91
27.01.2016;117.13
28.01.2016;115.07
29.01.2016;117.34
01.02.2016;117.26
02.02.2016;115.79
03.02.2016;114.81
04.02.2016;113.24
05.02.2016;112.65
08.02.2016;109.71
09.02.2016;107.23
10.02.2016;109.28
11.02.2016;106.07
12.02.2016;108.21
15.02.2016;110.98
16.02.2016;110.55
17.02.2016;112.44
18.02.2016;112.25
19.02.2016;111.59
22.02.2016;112.92
23.02.2016;110.98
24.02.2016;109.37
25.02.2016;110.93
26.02.2016;112.11
29.02.2016;111.74
01.03.2016;113.43
02.03.2016;114.3
03.03.2016;113.24
04.03.2016;113.82
07.03.2016;114.32
08.03.2016;113.67
09.03.2016;113.74
10.03.2016;112.61
11.03.2016;114.16
14.03.2016;114.47
15.03.2016;113.5
16.03.2016;113.1
17.03.2016;112.5
18.03.2016;111.98
21.03.2016;112.37
22.03.2016;112.41
23.03.2016;112.9
24.03.2016;111.3
25.03.2016;111.3
28.03.2016;111.3
29.03.2016;111.64
30.03.2016;112.39
31.03.2016;112
01.04.2016;110.49
04.04.2016;111.07
05.04.2016;110.27
06.04.2016;111.53
07.04.2016;111.39
08.04.2016;112.16
11.04.2016;111.43
12.04.2016;111.86
13.04.2016;113.72
14.04.2016;114.77
15.04.2016;114.58
18.04.2016;114.96
19.04.2016;116.42
20.04.2016;116.82
21.04.2016;116.3
22.04.2016;115.69
25.04.2016;115.29
26.04.2016;115.23
27.04.2016;115.5
28.04.2016;115.53
29.04.2016;113.75
02.05.2016;114.07
03.05.2016;112.43
04.05.2016;111.19
05.05.2016;111.19
06.05.2016;111.04
09.05.2016;112.17
10.05.2016;113.58
11.05.2016;113.58
12.05.2016;112.92
13.05.2016;113.46
16.05.2016;113.46
17.05.2016;113.26
18.05.2016;114.06
19.05.2016;113.23
20.05.2016;114.46
23.05.2016;115.06
24.05.2016;116.15
25.05.2016;116.68
26.05.2016;117.52
27.05.2016;118.28
30.05.2016;118.12
31.05.2016;117.4
01.06.2016;116.97
02.06.2016;117.16
03.06.2016;116.49
06.06.2016;116.73
07.06.2016;117.43
08.06.2016;116.43
09.06.2016;115.52
10.06.2016;113.42
13.06.2016;111.43
14.06.2016;109.42
15.06.2016;110.05
16.06.2016;109.28
17.06.2016;110.41
20.06.2016;113.05
21.06.2016;113.5
22.06.2016;113.94
23.06.2016;114.69
24.06.2016;110.89
27.06.2016;108.36
28.06.2016;110.92
29.06.2016;113.75
30.06.2016;114.38
01.07.2016;115.39
04.07.2016;114.97
05.07.2016;113.24
06.07.2016;112.49
07.07.2016;113.46
08.07.2016;114.56
11.07.2016;115.86
12.07.2016;116.22
13.07.2016;116.29
14.07.2016;116.68
15.07.2016;116.37
18.07.2016;116.57
19.07.2016;115.95
20.07.2016;117.19
21.07.2016;116.86
22.07.2016;117.09
25.07.2016;117.1
26.07.2016;117.54
27.07.2016;117.55
28.07.2016;115.98
29.07.2016;116.44
01.08.2016;116.44
02.08.2016;114.93
03.08.2016;114.87
04.08.2016;115.9
05.08.2016;117.36
08.08.2016;117.13
09.08.2016;118.03
10.08.2016;117.81
11.08.2016;119
12.08.2016;118.99
15.08.2016;119.15
16.08.2016;117.89
17.08.2016;116.96
18.08.2016;117.52
19.08.2016;116.67
22.08.2016;117.06
23.08.2016;117.63
24.08.2016;117.59
25.08.2016;116.84
26.08.2016;117.22
29.08.2016;117.4
30.08.2016;118.06
31.08.2016;117.58
01.09.2016;116.87
02.09.2016;118.87
05.09.2016;119.17
06.09.2016;119.07
07.09.2016;119.29
08.09.2016;119.18
09.09.2016;118.41
12.09.2016;117.53
13.09.2016;117.18
14.09.2016;117.12
15.09.2016;117.46
16.09.2016;116.73
19.09.2016;117.65
20.09.2016;118.15
21.09.2016;118
22.09.2016;119.16
23.09.2016;118.72
26.09.2016;117.3
27.09.2016;117.41
28.09.2016;118.04
29.09.2016;117.32
30.09.2016;117.06
03.10.2016;117.52
04.10.2016;118.41
05.10.2016;117.9
06.10.2016;117.57
07.10.2016;116.85
10.10.2016;117.5
11.10.2016;117
12.10.2016;116.1
13.10.2016;115.2
14.10.2016;116.44
17.10.2016;115.21
18.10.2016;116.2
19.10.2016;116.5
20.10.2016;116.08
21.10.2016;115.72
24.10.2016;115.09
25.10.2016;114.27
26.10.2016;113.82
27.10.2016;114.13
28.10.2016;113.97
31.10.2016;113.04
01.11.2016;112.15
02.11.2016;111.21
03.11.2016;110.52
04.11.2016;109.8
07.11.2016;111.75
08.11.2016;111.91
09.11.2016;113.82
10.11.2016;114.11
11.11.2016;113.34
14.11.2016;113.52
15.11.2016;113.72
16.11.2016;113.86
17.11.2016;114.58
18.11.2016;113.96
21.11.2016;113.23
22.11.2016;111.9
23.11.2016;111.96
24.11.2016;112.6
25.11.2016;113.69
28.11.2016;112.96
29.11.2016;113.26
30.11.2016;113.63
01.12.2016;112.38
02.12.2016;112.36
05.12.2016;113.2
06.12.2016;114.04
07.12.2016;114.19
08.12.2016;114.45
09.12.2016;116.33
12.12.2016;115.46
13.12.2016;117.05
14.12.2016;116.77
15.12.2016;117.6
16.12.2016;117.88
19.12.2016;118
20.12.2016;118.13
21.12.2016;118.04
22.12.2016;118.15
23.12.2016;118.13
26.12.2016;118.13
27.12.2016;118.56
28.12.2016;118.55
29.12.2016;118.49
30.12.2016;118.14
02.01.2017;118.14
03.01.2017;119.4
04.01.2017;119.94
05.01.2017;120.47
06.01.2017;120.78
09.01.2017;120.9
10.01.2017;121.22
11.01.2017;120.97
12.01.2017;120.28
13.01.2017;121.3
16.01.2017;120.2
17.01.2017;119.5
18.01.2017;119.65
19.01.2017;119.21
20.01.2017;119.19
23.01.2017;118.62
24.01.2017;118.75
25.01.2017;120.66
26.01.2017;120.9
27.01.2017;120.6
30.01.2017;119.78
31.01.2017;119.43
01.02.2017;119.96
02.02.2017;119.34
03.02.2017;120.33
06.02.2017;120.07
07.02.2017;120.72
08.02.2017;120.84
09.02.2017;121.64
10.02.2017;121.96
13.02.2017;122.06
14.02.2017;121.64
15.02.2017;122.43
16.02.2017;122.18
17.02.2017;122.66
20.02.2017;122.89
21.02.2017;123.62
22.02.2017;123.87
23.02.2017;123.67
24.02.2017;123.01
27.02.2017;123.06
28.02.2017;123.42
01.03.2017;124.6
02.03.2017;124.92
03.03.2017;125.01
06.03.2017;124.96
07.03.2017;124.57
08.03.2017;124.62
09.03.2017;124.75
10.03.2017;125.22
13.03.2017;125.4
14.03.2017;125.15
15.03.2017;125.49
16.03.2017;125.33
17.03.2017;125.71
20.03.2017;125.72
21.03.2017;124.61
22.03.2017;123.9
23.03.2017;124.81
24.03.2017;124.63
27.03.2017;124.25
28.03.2017;124.36
29.03.2017;125.2
30.03.2017;125.85
31.03.2017;125.33
03.04.2017;125.04
04.04.2017;125.27
05.04.2017;125.24
06.04.2017;125.22
07.04.2017;125.22
10.04.2017;125.05
11.04.2017;125.32
12.04.2017;125.76
13.04.2017;125.34
14.04.2017;125.34
17.04.2017;125.34
18.04.2017;123.94
19.04.2017;124.1
20.04.2017;124.46
21.04.2017;124.36
24.04.2017;126.5
25.04.2017;127.59
26.04.2017;128.41
27.04.2017;128.71
28.04.2017;128.32
01.05.2017;128.32
02.05.2017;129.37
03.05.2017;129.51
04.05.2017;130.66
05.05.2017;131.18
08.05.2017;131.46
09.05.2017;132.49
10.05.2017;132.22
11.05.2017;131.81
12.05.2017;132.68
15.05.2017;132.49
16.05.2017;132.79
17.05.2017;130.71
18.05.2017;129.78
19.05.2017;131.07
22.05.2017;131.96
23.05.2017;131.71
24.05.2017;131.45
25.05.2017;131.45
26.05.2017;131.63
29.05.2017;131.42
30.05.2017;131.14
31.05.2017;131.16
01.06.2017;131.4
02.06.2017;131.69
05.06.2017;131.69
06.06.2017;129.95
07.06.2017;129.55
08.06.2017;128.68
09.06.2017;129.2
12.06.2017;128.35
13.06.2017;129.29
14.06.2017;129.17
15.06.2017;129.06
16.06.2017;130.71
19.06.2017;131.66
20.06.2017;131.44
21.06.2017;130.95
22.06.2017;131.74
23.06.2017;131.48
26.06.2017;132.54
27.06.2017;131.77
28.06.2017;131.72
29.06.2017;129.89
30.06.2017;129.6
03.07.2017;130.94
04.07.2017;130.37
05.07.2017;130.26
06.07.2017;129.23
07.07.2017;129.36
10.07.2017;130.16
11.07.2017;129.22
12.07.2017;131.2
13.07.2017;131.03
14.07.2017;131.52
17.07.2017;131.69
18.07.2017;130.87
19.07.2017;131.51
20.07.2017;131.59
21.07.2017;130.29
24.07.2017;129.7
25.07.2017;130.09
26.07.2017;130.89
27.07.2017;131.29
28.07.2017;131.3
31.07.2017;131.91
01.08.2017;131.91
02.08.2017;132.91
03.08.2017;133.09
04.08.2017;133.68
07.08.2017;133.38
08.08.2017;133.45
09.08.2017;131.55
10.08.2017;130.33
11.08.2017;129.37
14.08.2017;131.48
15.08.2017;131.19
16.08.2017;131.58
17.08.2017;130.5
18.08.2017;129.5
21.08.2017;129.62
22.08.2017;130.84
23.08.2017;130.72
24.08.2017;130.51
25.08.2017;130.04
28.08.2017;129.36
29.08.2017;128.49
30.08.2017;129.14
31.08.2017;130.19
01.09.2017;130.49
04.09.2017;129.43
05.09.2017;129.51
06.09.2017;129.29
07.09.2017;130.05
08.09.2017;130.17
11.09.2017;131.25
12.09.2017;132.28
13.09.2017;132.23
14.09.2017;132.5
15.09.2017;131.84
18.09.2017;132.23
19.09.2017;132.8
20.09.2017;132.78
21.09.2017;133.15
22.09.2017;133.21
25.09.2017;133.25
26.09.2017;132.81
27.09.2017;132.53
28.09.2017;132.87
29.09.2017;133.54
02.10.2017;134.73
03.10.2017;135.39
04.10.2017;135.45
05.10.2017;135.2
06.10.2017;134.96
09.10.2017;135.13
10.10.2017;135.28
11.10.2017;135.3
12.10.2017;135.82
13.10.2017;136.05
16.10.2017;135.49
17.10.2017;135.32
18.10.2017;135.94
19.10.2017;134.82
20.10.2017;134.9
23.10.2017;135.12
24.10.2017;134.45
25.10.2017;133.13
26.10.2017;134.76
27.10.2017;134.61
30.10.2017;134.59
31.10.2017;135.54
01.11.2017;135.99
02.11.2017;135.92
03.11.2017;136.66
06.11.2017;136.23
07.11.2017;135.3
08.11.2017;135.89
09.11.2017;134.52
10.11.2017;133.99
13.11.2017;134.21
14.11.2017;133.86
15.11.2017;133.22
16.11.2017;134.2
17.11.2017;134.63
20.11.2017;136.19
21.11.2017;136.66
22.11.2017;136.14
23.11.2017;136.46
24.11.2017;136.61
27.11.2017;135.8
28.11.2017;136.6
29.11.2017;136.19
30.11.2017;136.45
01.12.2017;135.72
04.12.2017;136.57
05.12.2017;136.07
06.12.2017;136.3
07.12.2017;135.9
08.12.2017;136.64
11.12.2017;136.45
12.12.2017;137.02
13.12.2017;137.43
14.12.2017;137.31
15.12.2017;137.38
18.12.2017;138.19
19.12.2017;137.59
20.12.2017;136.4
21.12.2017;137.8
22.12.2017;137.49
25.12.2017;137.49
26.12.2017;137.49
27.12.2017;138.09
28.12.2017;137.78
29.12.2017;137.42
01.01.2018;137.42
02.01.2018;137.42
03.01.2018;138.78
04.01.2018;139.23
05.01.2018;140.03
08.01.2018;139.89
09.01.2018;140.95
10.01.2018;139.66
11.01.2018;139.37
12.01.2018;139.98
15.01.2018;139.94
16.01.2018;139.04
17.01.2018;138.86
18.01.2018;138.96
19.01.2018;139.77
22.01.2018;139.97
23.01.2018;140.31
24.01.2018;140.2
25.01.2018;139.15
26.01.2018;139.61
29.01.2018;138.81
30.01.2018;138.32
31.01.2018;137.24
01.02.2018;136.74
02.02.2018;135.54
05.02.2018;133.69
06.02.2018;130.12
07.02.2018;132.33
08.02.2018;129.14
09.02.2018;127.91
12.02.2018;129.96
13.02.2018;128.97
14.02.2018;130.97
15.02.2018;131.34
16.02.2018;132.34
19.02.2018;131.15
20.02.2018;132.07
21.02.2018;132.25
22.02.2018;131.94
23.02.2018;131.73
26.02.2018;132.85
27.02.2018;132.37
28.02.2018;131.12
01.03.2018;129.36
02.03.2018;127.05
05.03.2018;129.61
06.03.2018;129.16
07.03.2018;129.34
08.03.2018;130.98
09.03.2018;131.61
12.03.2018;132.09
13.03.2018;130.88
14.03.2018;130.74
15.03.2018;131.03
16.03.2018;130.93
19.03.2018;130.02
20.03.2018;130.49
21.03.2018;129.64
22.03.2018;127.52
23.03.2018;126.54
26.03.2018;125.7
27.03.2018;127.53
28.03.2018;128.96
29.03.2018;128.81
30.03.2018;128.81
02.04.2018;128.81
03.04.2018;127.2
04.04.2018;126.1
05.04.2018;128.78
06.04.2018;127.95
09.04.2018;128.1
10.04.2018;129.13
11.04.2018;128.42
12.04.2018;129.42
13.04.2018;129.49
16.04.2018;128.82
17.04.2018;130.2
18.04.2018;130.42
19.04.2018;130.43
20.04.2018;130.09
23.04.2018;130.23
24.04.2018;130.04
25.04.2018;129.13
26.04.2018;130.58
27.04.2018;130.75
30.04.2018;131.22
01.05.2018;131.22
02.05.2018;131.45
03.05.2018;130.76
04.05.2018;131.54
07.05.2018;132.82
08.05.2018;132.4
09.05.2018;132.93
10.05.2018;132.93
11.05.2018;133.14
14.05.2018;133.12
15.05.2018;133.01
16.05.2018;132.62
17.05.2018;132.93
18.05.2018;132.3
21.05.2018;132.3
22.05.2018;132.19
23.05.2018;130.34
24.05.2018;130.04
25.05.2018;130.02
28.05.2018;130.29
29.05.2018;128.4
30.05.2018;127.61
31.05.2018;126.06
01.06.2018;128.16
04.06.2018;128.48
05.06.2018;127.42
06.06.2018;127.63
07.06.2018;127.67
08.06.2018;127.13
11.06.2018;128.59
12.06.2018;128.93
13.06.2018;128.99
14.06.2018;129.68
15.06.2018;128.96
18.06.2018;127.21
19.06.2018;126.25
20.06.2018;127.41
21.06.2018;126.03
22.06.2018;128.16
25.06.2018;126
26.06.2018;126.33
27.06.2018;126.74
28.06.2018;126
29.06.2018;128.05
02.07.2018;126.95
03.07.2018;128.24
04.07.2018;128.53
05.07.2018;128.74
06.07.2018;129.15
09.07.2018;130.09
10.07.2018;130.38
11.07.2018;129.24
12.07.2018;130.96
13.07.2018;131.49
16.07.2018;131.36
17.07.2018;131.03
18.07.2018;132.47
19.07.2018;132.28
20.07.2018;133.04
23.07.2018;132.59
24.07.2018;133.16
25.07.2018;133.28
26.07.2018;134.9
27.07.2018;135.37
30.07.2018;135.19
31.07.2018;135.11
01.08.2018;135.11
02.08.2018;134.92
03.08.2018;135.03
06.08.2018;135.04
07.08.2018;135.71
08.08.2018;135.39
09.08.2018;135.18
10.08.2018;133.48
13.08.2018;133.08
14.08.2018;133.16
15.08.2018;131.89
16.08.2018;132.87
17.08.2018;132.91
20.08.2018;133.77
21.08.2018;134.17
22.08.2018;133.79
23.08.2018;133.93
24.08.2018;133.94
27.08.2018;134.63
28.08.2018;134.44
29.08.2018;134.47
30.08.2018;133.94
31.08.2018;133.14
03.09.2018;133.47
04.09.2018;132.61
05.09.2018;131.23
06.09.2018;130.52
07.09.2018;130.82
10.09.2018;132.02
11.09.2018;131.95
12.09.2018;132.53
13.09.2018;132.5
14.09.2018;132.77
17.09.2018;132.19
18.09.2018;131.9
19.09.2018;132.07
20.09.2018;132.89
21.09.2018;132.75
24.09.2018;132.06
25.09.2018;132.97
26.09.2018;133.71
27.09.2018;134.1
28.09.2018;133.86
01.10.2018;134.41
02.10.2018;133.87
03.10.2018;134.96
04.10.2018;133.51
05.10.2018;132.51
08.10.2018;131.2
09.10.2018;131.22
10.10.2018;129.79
11.10.2018;126.36
12.10.2018;126.74
15.10.2018;126.56
16.10.2018;128.73
17.10.2018;128.19
18.10.2018;128.54
19.10.2018;129.66
22.10.2018;129.61
23.10.2018;127.72
24.10.2018;127.09
25.10.2018;127.08
26.10.2018;126.61
29.10.2018;127.98
30.10.2018;129.32
31.10.2018;131.73
01.11.2018;131.78
02.11.2018;131.48
05.11.2018;131.47
06.11.2018;131.25
07.11.2018;132.03
08.11.2018;132.47
09.11.2018;132.24
12.11.2018;130.73
13.11.2018;131.08
14.11.2018;129.85
15.11.2018;128.81
16.11.2018;129.21
19.11.2018;127.73
20.11.2018;127.09
21.11.2018;128.11
22.11.2018;127.41
23.11.2018;128.29
26.11.2018;129.43
27.11.2018;129.01
28.11.2018;128.98
29.11.2018;130.57
30.11.2018;130.55
03.12.2018;131.68
04.12.2018;131.32
05.12.2018;129.34
06.12.2018;125.45
07.12.2018;126.59
10.12.2018;123.88
11.12.2018;126.12
12.12.2018;128.15
13.12.2018;127.51
14.12.2018;126.03
17.12.2018;124.33
18.12.2018;123.12
19.12.2018;123.28
20.12.2018;121.36
21.12.2018;121.53
24.12.2018;121.53
25.12.2018;121.53
26.12.2018;121.53
27.12.2018;118.61
28.12.2018;121.75
31.12.2018;121.75
01.01.2019;121.75
02.01.2019;121.75
03.01.2019;122.1
04.01.2019;124.27
07.01.2019;123.49
08.01.2019;124.81
09.01.2019;125.68
10.01.2019;127.15
11.01.2019;127.48
14.01.2019;126.56
15.01.2019;127.48
16.01.2019;128.29
17.01.2019;128.91
18.01.2019;130.35
21.01.2019;130.19
22.01.2019;129.62
23.01.2019;129.65
24.01.2019;129.44
25.01.2019;129.23
28.01.2019;128.4
29.01.2019;129.61
30.01.2019;130.16
31.01.2019;130.22
01.02.2019;130.42
04.02.2019;130.56
05.02.2019;132.5
06.02.2019;132.46
07.02.2019;130.93
08.02.2019;130.38
11.02.2019;131.28
12.02.2019;132.04
13.02.2019;132.47
14.02.2019;132.58
15.02.2019;133.82
18.02.2019;134.34
19.02.2019;134.08
20.02.2019;135
21.02.2019;135.31
22.02.2019;135.45
25.02.2019;136.07
26.02.2019;136.83
27.02.2019;136.02
28.02.2019;135.79
01.03.2019;136.27
04.03.2019;136.11
05.03.2019;136.3
06.03.2019;136.37
07.03.2019;135.44
08.03.2019;134.6
11.03.2019;135.64
12.03.2019;135.58
13.03.2019;136.34
14.03.2019;137.66
15.03.2019;137.76
18.03.2019;137.84
19.03.2019;138.27
20.03.2019;137.49
21.03.2019;137.49
22.03.2019;135.67
25.03.2019;135.36
26.03.2019;136.64
27.03.2019;136.58
28.03.2019;136.81
29.03.2019;137.78
01.04.2019;138.69
02.04.2019;138.65
03.04.2019;139.24
04.04.2019;139.02
05.04.2019;139.04
08.04.2019;139.13
09.04.2019;139.55
10.04.2019;139.29
11.04.2019;139.15
12.04.2019;138.41
15.04.2019;138.67
16.04.2019;139.51
17.04.2019;139.46
18.04.2019;139.26
19.04.2019;139.26
22.04.2019;139.26
23.04.2019;140.37
24.04.2019;140.64
25.04.2019;141.14
26.04.2019;141.56
29.04.2019;141.72
30.04.2019;142.07
01.05.2019;142.07
02.05.2019;141.71
03.05.2019;141.75
06.05.2019;140.77
07.05.2019;139.73
08.05.2019;140.37
09.05.2019;137.6
10.05.2019;138.14
13.05.2019;136.52
14.05.2019;137.18
15.05.2019;138.17
16.05.2019;140.69
17.05.2019;140.54
20.05.2019;139.31
21.05.2019;140.02
22.05.2019;140.48
23.05.2019;139.64
24.05.2019;140.59
27.05.2019;141.28
28.05.2019;140.85
29.05.2019;138.91
30.05.2019;138.91
31.05.2019;138.85
03.06.2019;139.91
04.06.2019;139.53
05.06.2019;140.54
06.06.2019;140.74
07.06.2019;141.71
10.06.2019;141.71
11.06.2019;142.92
12.06.2019;143.23
13.06.2019;143.28
14.06.2019;143.01
17.06.2019;143.1
18.06.2019;144.98
19.06.2019;144.6
20.06.2019;144.96
21.06.2019;144.11
24.06.2019;143.77
25.06.2019;143.79
26.06.2019;142.87
27.06.2019;143.27
28.06.2019;144.03
01.07.2019;144.99
02.07.2019;145.72
03.07.2019;146.41
04.07.2019;146.45
05.07.2019;145.13
08.07.2019;145.37
09.07.2019;144.81
10.07.2019;144.51
11.07.2019;143.74
12.07.2019;142.35
15.07.2019;143.03
16.07.2019;143.39
17.07.2019;144.67
18.07.2019;145.43
19.07.2019;144.64
22.07.2019;144.48
23.07.2019;145.19
24.07.2019;144.49
25.07.2019;144.12
26.07.2019;145.44
29.07.2019;145.6
30.07.2019;144.62
31.07.2019;145.07
01.08.2019;145.07
02.08.2019;143.54
05.08.2019;140.54
06.08.2019;139.99
07.08.2019;139.88
08.08.2019;142.75
09.08.2019;142.72
12.08.2019;142.76
13.08.2019;143.02
14.08.2019;140.84
15.08.2019;140.46
16.08.2019;142.2
19.08.2019;143.66
20.08.2019;142.79
21.08.2019;144.06
22.08.2019;143.46
23.08.2019;142.71
26.08.2019;142.23
27.08.2019;143.29
28.08.2019;142.88
29.08.2019;144.04
30.08.2019;145.01
02.09.2019;145.38
03.09.2019;144.43
04.09.2019;145.15
05.09.2019;146.22
06.09.2019;147.49
09.09.2019;147.16
10.09.2019;146.25
11.09.2019;147.28
12.09.2019;147.28
13.09.2019;146.33
16.09.2019;145.16
17.09.2019;145.94
18.09.2019;146
19.09.2019;146.59
20.09.2019;146.41
23.09.2019;145.72
24.09.2019;145.86
25.09.2019;144.73
26.09.2019;146.06
27.09.2019;146.43
30.09.2019;146.97
01.10.2019;145.28
02.10.2019;142.58
03.10.2019;142.75
04.10.2019;143.81
07.10.2019;145.07
08.10.2019;143.5
09.10.2019;143.96
10.10.2019;144.82
11.10.2019;146.31
14.10.2019;145.58
15.10.2019;146.57
16.10.2019;146.37
17.10.2019;145.62
18.10.2019;144.91
21.10.2019;145.16
22.10.2019;145.43
23.10.2019;145.41
24.10.2019;146.71
25.10.2019;147.84
28.10.2019;148.3
29.10.2019;148.6
30.10.2019;148.79
31.10.2019;148.21
01.11.2019;148.62
04.11.2019;149.76
05.11.2019;148.95
06.11.2019;149.57
07.11.2019;149.77
08.11.2019;149.58
11.11.2019;149.63
12.11.2019;149.61
13.11.2019;149.52
14.11.2019;148.61
15.11.2019;149.7
18.11.2019;150.16
19.11.2019;150.29
20.11.2019;150.62
21.11.2019;150
22.11.2019;150.35
25.11.2019;151.77
26.11.2019;152.38
27.11.2019;152.75
28.11.2019;152.81
29.11.2019;152.28
02.12.2019;150.27
03.12.2019;148.7
04.12.2019;150.09
05.12.2019;150.54
06.12.2019;152.01
09.12.2019;151.66
10.12.2019;150.91
11.12.2019;151.16
12.12.2019;151.72
13.12.2019;151.55
16.12.2019;153.1
17.12.2019;152.99
18.12.2019;153.15
19.12.2019;153.38
20.12.2019;154.92
23.12.2019;155.66
24.12.2019;155.66
25.12.2019;155.66
26.12.2019;155.66
27.12.2019;155.84
30.12.2019;154.22
31.12.2019;154.22
01.01.2020;154.22
02.01.2020;154.22
03.01.2020;155.44
06.01.2020;154.96
07.01.2020;155.26
08.01.2020;154.72
09.01.2020;154.73
10.01.2020;154.56
13.01.2020;154.46
14.01.2020;154.9
15.01.2020;155.14
16.01.2020;155.54
17.01.2020;157.57
20.01.2020;157.78
21.01.2020;158.5
22.01.2020;158.71
23.01.2020;157.42
24.01.2020;157.97
27.01.2020;155.45
28.01.2020;156.83
29.01.2020;157.97
30.01.2020;156.32
31.01.2020;154.62
03.02.2020;155.16
04.02.2020;157.09
05.02.2020;159.58
06.02.2020;159.75
07.02.2020;159.53
10.02.2020;160.15
11.02.2020;160.94
12.02.2020;160.65
13.02.2020;160.45
14.02.2020;161.21
17.02.2020;161.66
18.02.2020;161.26
19.02.2020;162.91
20.02.2020;161.61
21.02.2020;160.97
24.02.2020;155.28
25.02.2020;152.21
26.02.2020;152.6
27.02.2020;148.25
28.02.2020;142.92
02.03.2020;144.71
03.03.2020;147.02
04.03.2020;149.2
05.03.2020;147.59
06.03.2020;142
09.03.2020;134.45
10.03.2020;134.2
11.03.2020;133.4
12.03.2020;121.25
13.03.2020;122.23
16.03.2020;119.88
17.03.2020;123.06
18.03.2020;121.06
19.03.2020;127.11
20.03.2020;125.17
23.03.2020;118.73
24.03.2020;126.09
25.03.2020;129.62
26.03.2020;132.42
27.03.2020;129.82
30.03.2020;132.36
31.03.2020;134.23
01.04.2020;132.73
02.04.2020;133.67
03.04.2020;133.54
06.04.2020;136.53
07.04.2020;137.19
08.04.2020;136.61
09.04.2020;136.64
10.04.2020;136.64
13.04.2020;136.64
14.04.2020;138.12
15.04.2020;135.35
16.04.2020;137.1
17.04.2020;139.67
20.04.2020;142.1
21.04.2020;138.88
22.04.2020;140.34
23.04.2020;140.21
24.04.2020;140.36
27.04.2020;141.61
28.04.2020;142.87
29.04.2020;142.47
30.04.2020;139.39
01.05.2020;139.39
04.05.2020;136.31
05.05.2020;138.26
06.05.2020;139.37
07.05.2020;139.95
08.05.2020;140.74
11.05.2020;141.23
12.05.2020;141.75
13.05.2020;140.4
14.05.2020;137.52
15.05.2020;138.37
18.05.2020;141.54
19.05.2020;142.14
20.05.2020;142.53
21.05.2020;142.53
22.05.2020;141
25.05.2020;142.84
26.05.2020;142.78
27.05.2020;140.85
28.05.2020;143.87
29.05.2020;142.89
01.06.2020;142.89
02.06.2020;144.19
03.06.2020;146.84
04.06.2020;145.41
05.06.2020;146.59
08.06.2020;146.11
09.06.2020;146.6
10.06.2020;146.1
11.06.2020;141.95
12.06.2020;141.47
15.06.2020;142.1
16.06.2020;144.75
17.06.2020;147.29
18.06.2020;147.01
19.06.2020;148.04
22.06.2020;146.67
23.06.2020;147.74
24.06.2020;144.86
25.06.2020;145.48
26.06.2020;144.98
29.06.2020;145.31
30.06.2020;145.09
01.07.2020;145.7
02.07.2020;146.86
03.07.2020;146.09
06.07.2020;147.88
07.07.2020;147.3
08.07.2020;147.02
09.07.2020;146.61
10.07.2020;147.82
13.07.2020;148.83
14.07.2020;148
15.07.2020;150.79
16.07.2020;150.42
17.07.2020;150.27
20.07.2020;151.01
21.07.2020;150.58
22.07.2020;150.67
23.07.2020;150.13
24.07.2020;147.52
27.07.2020;148.29
28.07.2020;148.37
29.07.2020;148.42
30.07.2020;146.11
31.07.2020;144.72
03.08.2020;147.65
04.08.2020;146.77
05.08.2020;146
06.08.2020;145.67
07.08.2020;145.79
10.08.2020;145.94
11.08.2020;146.91
12.08.2020;148.62
13.08.2020;148.54
14.08.2020;147.35
17.08.2020;148.3
18.08.2020;147.66
19.08.2020;149.61
20.08.2020;148.61
21.08.2020;148.42
24.08.2020;149.67
25.08.2020;148.67
26.08.2020;149.92
27.08.2020;148.96
28.08.2020;147.84
31.08.2020;147.64
01.09.2020;148.31
02.09.2020;150.92
03.09.2020;148.47
04.09.2020;147.25
07.09.2020;149.18
08.09.2020;148.46
09.09.2020;150.59
10.09.2020;150.31
11.09.2020;150.95
14.09.2020;151.16
15.09.2020;151.95
16.09.2020;152.52
17.09.2020;152.01
18.09.2020;152.36
21.09.2020;149.48
22.09.2020;149.93
23.09.2020;149.7
24.09.2020;148.06
25.09.2020;148.22
28.09.2020;149.61
29.09.2020;148.72
30.09.2020;148.32
01.10.2020;149.02
02.10.2020;149.26
05.10.2020;149.95
06.10.2020;148.84
07.10.2020;148.28
08.10.2020;149.41
09.10.2020;150.19
12.10.2020;150.92
13.10.2020;150.51
14.10.2020;149.91
15.10.2020;146.75
16.10.2020;148.47
19.10.2020;148.09
20.10.2020;147.79
21.10.2020;145.64
22.10.2020;145.52
23.10.2020;145.79
26.10.2020;144.96
27.10.2020;143.8
28.10.2020;139.9
29.10.2020;139.3
30.10.2020;139.81
02.11.2020;142.42
03.11.2020;145.31
04.11.2020;149.2
05.11.2020;149.48
06.11.2020;149.58
09.11.2020;150.75
10.11.2020;149.89
11.11.2020;152.17
12.11.2020;151.7
13.11.2020;151.71
16.11.2020;152.93
17.11.2020;152.57
18.11.2020;152.57
19.11.2020;151.55
20.11.2020;151.73
23.11.2020;151.01
24.11.2020;151.29
25.11.2020;151.28
26.11.2020;151.63
27.11.2020;151.86
30.11.2020;151.42
01.12.2020;151.14
02.12.2020;150.93
03.12.2020;149.75
04.12.2020;150.07
07.12.2020;150.19
08.12.2020;150.32
09.12.2020;150.94
10.12.2020;150.47
11.12.2020;150.47
14.12.2020;150.21
15.12.2020;149.92
16.12.2020;151.44
17.12.2020;152.67
18.12.2020;152.57
21.12.2020;149.68
22.12.2020;151.11
23.12.2020;151.3
24.12.2020;151.3
25.12.2020;151.3
28.12.2020;153.82
29.12.2020;155.05
30.12.2020;155.17
31.12.2020;155.17
01.01.2021;155.17
04.01.2021;155.74
05.01.2021;155.08
06.01.2021;155.49
07.01.2021;155.91
08.01.2021;156.32
11.01.2021;156.85
12.01.2021;157.08
13.01.2021;156.76
14.01.2021;157.01
15.01.2021;157.04
18.01.2021;157.54
19.01.2021;157.1
20.01.2021;158.05
21.01.2021;157.83
22.01.2021;157.91
25.01.2021;157.57
26.01.2021;158.47
27.01.2021;157.59
28.01.2021;157.09
29.01.2021;153.59
01.02.2021;155.75
02.02.2021;156.9
03.02.2021;156.61
04.02.2021;157.71
05.02.2021;156.34
08.02.2021;156.79
09.02.2021;157
10.02.2021;157.19
11.02.2021;157.67
12.02.2021;158.05
15.02.2021;158.88
16.02.2021;158.62
17.02.2021;157.1
18.02.2021;155.94
19.02.2021;156.05
22.02.2021;155.92
23.02.2021;154.26
24.02.2021;155.83
25.02.2021;154.95
26.02.2021;152.91
01.03.2021;155.58
02.03.2021;156.94
03.03.2021;156.39
04.03.2021;156.06
05.03.2021;154.22
08.03.2021;157.23
09.03.2021;157.92
10.03.2021;158.61
11.03.2021;158.53
12.03.2021;157.89
15.03.2021;158.41
16.03.2021;159.56
17.03.2021;159.2
18.03.2021;159.99
19.03.2021;159.94
22.03.2021;161.03
23.03.2021;161.69
24.03.2021;161.26
25.03.2021;161.51
26.03.2021;161.81
29.03.2021;161.56
30.03.2021;162.2
31.03.2021;161.36
01.04.2021;162.61
02.04.2021;162.61
05.04.2021;162.61
06.04.2021;163.53
07.04.2021;162.85
08.04.2021;164.02
09.04.2021;164.58
12.04.2021;163.66
13.04.2021;163.08
14.04.2021;163.51
15.04.2021;164.05
16.04.2021;165.09
19.04.2021;164.3
20.04.2021;162.42
21.04.2021;163.96
22.04.2021;164.49
23.04.2021;164.24
26.04.2021;163.73
27.04.2021;162.75
28.04.2021;162.66
29.04.2021;162.32
30.04.2021;161.42
03.05.2021;162.6
04.05.2021;160.29
05.05.2021;162.32
06.05.2021;162.18
07.05.2021;163.25
10.05.2021;162.37
11.05.2021;160.29
12.05.2021;160.69
13.05.2021;160.69
14.05.2021;162.08
17.05.2021;162.38
18.05.2021;162.85
19.05.2021;161.56
20.05.2021;163.09
21.05.2021;164.12
24.05.2021;164.12
25.05.2021;165.34
26.05.2021;165.99
27.05.2021;166.01
28.05.2021;167.26
31.05.2021;166.55
01.06.2021;167.49
02.06.2021;168
03.06.2021;168.45
04.06.2021;169.38
07.06.2021;170.02
08.06.2021;170.38
09.06.2021;172.04
10.06.2021;172.03
11.06.2021;172.61
14.06.2021;173.05
15.06.2021;173.81
16.06.2021;174.55
17.06.2021;174.78
18.06.2021;173.8
21.06.2021;174.7
22.06.2021;174.64
23.06.2021;173.54
24.06.2021;174.92
25.06.2021;175.06
28.06.2021;175.04
29.06.2021;175.39
30.06.2021;174.21
01.07.2021;174.62
02.07.2021;174.74
05.07.2021;174.73
06.07.2021;174.68
07.07.2021;176.39
08.07.2021;174.17
09.07.2021;174.9
12.07.2021;176.28
13.07.2021;176.17
14.07.2021;175.8
15.07.2021;174.89
16.07.2021;175.48
19.07.2021;173.3
20.07.2021;174.42
21.07.2021;175.61
22.07.2021;175.07
23.07.2021;177.04
26.07.2021;175.99
27.07.2021;175.45
28.07.2021;176.1
29.07.2021;176.32
30.07.2021;176.82
02.08.2021;177.61
03.08.2021;177.4
04.08.2021;177.69
05.08.2021;178.02
06.08.2021;177.57
09.08.2021;179.15
10.08.2021;179.76
11.08.2021;180.02
12.08.2021;180.61
13.08.2021;181.07
16.08.2021;180.48
17.08.2021;181.38
18.08.2021;182.33
19.08.2021;180.38
20.08.2021;180.66
23.08.2021;181.47
24.08.2021;180.98
25.08.2021;180.12
26.08.2021;180.72
27.08.2021;181.4
30.08.2021;181.66
31.08.2021;181
01.09.2021;181.54
02.09.2021;181.69
03.09.2021;180.59
06.09.2021;181.68
07.09.2021;180.71
08.09.2021;178.67
09.09.2021;177.69
10.09.2021;176.97
13.09.2021;177.11
14.09.2021;177.48
15.09.2021;175.91
16.09.2021;176.8
17.09.2021;175.64
20.09.2021;173.13
21.09.2021;173.55
22.09.2021;174.31
23.09.2021;175.74
24.09.2021;173.97
27.09.2021;171.89
28.09.2021;168.52
29.09.2021;170.32
30.09.2021;170.63
01.10.2021;169.68
04.10.2021;169.37
05.10.2021;169.72
06.10.2021;169.22
07.10.2021;171.76
08.10.2021;171.62
11.10.2021;171.77
12.10.2021;171.77
13.10.2021;172.92
14.10.2021;174.2
15.10.2021;175.08
18.10.2021;175.14
19.10.2021;174.73
20.10.2021;175.69
21.10.2021;175.97
22.10.2021;176.28
25.10.2021;176.21
26.10.2021;177.29
27.10.2021;176.54
28.10.2021;177.7
29.10.2021;177.08
01.11.2021;178.57
02.11.2021;179.78
03.11.2021;180.92
04.11.2021;181.68
05.11.2021;180.4
08.11.2021;180.84
09.11.2021;181.27
10.11.2021;181.44
11.11.2021;181.76
12.11.2021;183.09
15.11.2021;183
16.11.2021;183.32
17.11.2021;183.66
18.11.2021;182.84
19.11.2021;182.7
22.11.2021;181.9
23.11.2021;179.39
24.11.2021;179.63
25.11.2021;180.34
26.11.2021;176.93
29.11.2021;177.3
30.11.2021;176.17
01.12.2021;177.74
02.12.2021;176.48
03.12.2021;176.25
06.12.2021;178.99
07.12.2021;181.43
08.12.2021;182.45
09.12.2021;182.65
10.12.2021;182.52
13.12.2021;181.76
14.12.2021;179.76
15.12.2021;181.47
16.12.2021;184.58
17.12.2021;183.55
20.12.2021;182.02
21.12.2021;183.24
22.12.2021;184.06
23.12.2021;185.11
24.12.2021;185.11
27.12.2021;186.26
28.12.2021;187.73
29.12.2021;187.21
30.12.2021;186.51
31.12.2021;186.51
03.01.2022;187.48
04.01.2022;186.95
05.01.2022;186.74
06.01.2022;184.86
07.01.2022;184.7
10.01.2022;181.15
11.01.2022;182.74
12.01.2022;182.54
13.01.2022;181.74
14.01.2022;180.12
17.01.2022;181.78
18.01.2022;180.06
19.01.2022;179.86
20.01.2022;180.61
21.01.2022;177.67
24.01.2022;170.95
25.01.2022;171.87
26.01.2022;174.1
27.01.2022;174.88
28.01.2022;173.99
31.01.2022;175.93
01.02.2022;177.53
02.02.2022;177.8
03.02.2022;175.65
04.02.2022;174.33
07.02.2022;174.89
08.02.2022;174.02
09.02.2022;177.12
10.02.2022;176.61
11.02.2022;175.46
14.02.2022;172.45
15.02.2022;174.69
16.02.2022;174.76
17.02.2022;173.2
18.02.2022;172.22
21.02.2022;170.46
22.02.2022;171.39
23.02.2022;171.1
24.02.2022;166.99
25.02.2022;171.86
28.02.2022;172.06
01.03.2022;170.33
02.03.2022;170.5
03.03.2022;167.56
04.03.2022;162.2
07.03.2022;160.62
08.03.2022;158.53
09.03.2022;165.12
10.03.2022;163.57
11.03.2022;164.98
14.03.2022;167.25
15.03.2022;167.15
16.03.2022;170.77
17.03.2022;172.79
18.03.2022;174.72
21.03.2022;174.68
22.03.2022;175.05
23.03.2022;173.48
24.03.2022;173.86
25.03.2022;173.6
28.03.2022;174.32
29.03.2022;176.92
30.03.2022;175.75
31.03.2022;174.36
01.04.2022;174.64
04.04.2022;176.71
05.04.2022;177.09
06.04.2022;175.79
07.04.2022;176.42
08.04.2022;178.17
11.04.2022;178.11
12.04.2022;176.22
13.04.2022;176.21
14.04.2022;177.4
15.04.2022;177.4
18.04.2022;177.4
19.04.2022;174.96
20.04.2022;175.38
21.04.2022;175.56
22.04.2022;174.69
25.04.2022;172.54
26.04.2022;170.07
27.04.2022;171.61
28.04.2022;172.19
29.04.2022;173.1
02.05.2022;170.89
03.05.2022;171.07
04.05.2022;169.36
05.05.2022;169.2
06.05.2022;167.08
09.05.2022;162.64
10.05.2022;163.84
11.05.2022;164.29
12.05.2022;163.63
13.05.2022;165.84
16.05.2022;166.06
17.05.2022;166.88
18.05.2022;164.47
19.05.2022;160.56
20.05.2022;160.8
23.05.2022;162.89
24.05.2022;162.7
25.05.2022;162.77
26.05.2022;162.77
27.05.2022;165.32
30.05.2022;166.69
31.05.2022;164.99
01.06.2022;163.23
02.06.2022;164.01
03.06.2022;163.69
06.06.2022;163.69
07.06.2022;163.67
08.06.2022;162.66
09.06.2022;160.62
10.06.2022;157.53
13.06.2022;154.71
14.06.2022;152.2
15.06.2022;153.38
16.06.2022;148.87
17.06.2022;148.82
20.06.2022;149.3
21.06.2022;149.37
22.06.2022;150.09
23.06.2022;149.16
24.06.2022;154.19
27.06.2022;155.29
28.06.2022;153.97
29.06.2022;153.91
30.06.2022;152.95
01.07.2022;153.44
04.07.2022;154.72
05.07.2022;152.53
06.07.2022;154.58
07.07.2022;156.05
08.07.2022;157.06
11.07.2022;157.04
12.07.2022;157.53
13.07.2022;155.41
14.07.2022;153.99
15.07.2022;156.56
18.07.2022;157.04
19.07.2022;158.42
20.07.2022;157.67
21.07.2022;158.84
22.07.2022;158.55
25.07.2022;158.9
26.07.2022;158.74
27.07.2022;158.22
28.07.2022;159.14
29.07.2022;159.71
01.08.2022;159.71
02.08.2022;159.27
03.08.2022;160.25
04.08.2022;160.62
05.08.2022;159.36
08.08.2022;160
09.08.2022;159.3
10.08.2022;159.86
11.08.2022;160.28
12.08.2022;159.65
15.08.2022;160.33
16.08.2022;159.27
17.08.2022;159
18.08.2022;159.61
19.08.2022;159.29
22.08.2022;158.16
23.08.2022;156.11
24.08.2022;157.25
25.08.2022;157.91
26.08.2022;155.98
29.08.2022;155.38
30.08.2022;155.08
31.08.2022;154.8
01.09.2022;151.91
02.09.2022;154.96
05.09.2022;153.7
06.09.2022;153.8
07.09.2022;153.33
08.09.2022;153.09
09.09.2022;154.7
12.09.2022;155.95
13.09.2022;154.35
14.09.2022;152.33
15.09.2022;151.97
16.09.2022;150.14
19.09.2022;150.17
20.09.2022;148.25
21.09.2022;147.78
22.09.2022;145.94
23.09.2022;143.75
26.09.2022;142.94
27.09.2022;143.62
28.09.2022;144.65
29.09.2022;143.28
30.09.2022;145.4
03.10.2022;145.62
04.10.2022;149.71
05.10.2022;148.15
06.10.2022;147.07
07.10.2022;145.67
10.10.2022;145.06
11.10.2022;144.27
12.10.2022;144.15
13.10.2022;144.41
14.10.2022;145.74
17.10.2022;148.16
18.10.2022;149.37
19.10.2022;147.89
20.10.2022;147.85
21.10.2022;147.12
24.10.2022;149.55
25.10.2022;152
26.10.2022;152.65
27.10.2022;151.02
28.10.2022;151.66
31.10.2022;152.43
01.11.2022;151.79
02.11.2022;152.15
03.11.2022;150.71
04.11.2022;151.93
07.11.2022;151.68
08.11.2022;152.88
09.11.2022;154.01
10.11.2022;157.3
11.11.2022;157.43
14.11.2022;155.75
15.11.2022;155.97
16.11.2022;154.46
17.11.2022;154.33
18.11.2022;155.88
21.11.2022;156.38
22.11.2022;156.29
23.11.2022;156.82
24.11.2022;157.78
25.11.2022;157.83
28.11.2022;157.49
29.11.2022;156.07
30.11.2022;156.81
01.12.2022;158.43
02.12.2022;158.01
05.12.2022;157.61
06.12.2022;156.36
07.12.2022;154.82
08.12.2022;154.8
09.12.2022;155.85
12.12.2022;155.42
13.12.2022;156.88
14.12.2022;157.34
15.12.2022;153.49
16.12.2022;152.02
19.12.2022;152.1
20.12.2022;150.49
21.12.2022;153.09
22.12.2022;152.12
23.12.2022;152.58
26.12.2022;152.58
27.12.2022;153.03
28.12.2022;152.64
29.12.2022;153.4
30.12.2022;151.67
02.01.2023;151.67
03.01.2023;155.09
04.01.2023;157.41
05.01.2023;156.51
06.01.2023;157.65
09.01.2023;158.77
10.01.2023;158
11.01.2023;159.25
12.01.2023;159.88
13.01.2023;160.03
16.01.2023;162.07
17.01.2023;161.66
18.01.2023;161.12
19.01.2023;159.53
20.01.2023;160.13
23.01.2023;161.77
24.01.2023;161.77
25.01.2023;161.49
26.01.2023;160.48
27.01.2023;160.69
30.01.2023;161.23
31.01.2023;160.01
01.02.2023;159.24
02.02.2023;159.76
03.02.2023;161.76
06.02.2023;160.73
07.02.2023;159.93
08.02.2023;160.36
09.02.2023;159.74
10.02.2023;158.31
13.02.2023;159.49
14.02.2023;159.86
15.02.2023;160.3
16.02.2023;159.26
17.02.2023;160.01
20.02.2023;160.11
21.02.2023;160.16
22.02.2023;160.35
23.02.2023;159.71
24.02.2023;158.85
27.02.2023;159.57
28.02.2023;157.94
01.03.2023;157.52
02.03.2023;158.94
03.03.2023;159.41
06.03.2023;158.64
07.03.2023;157.45
08.03.2023;156.99
09.03.2023;156.2
10.03.2023;153.73
13.03.2023;151.99
14.03.2023;153.31
15.03.2023;150.5
16.03.2023;153.37
17.03.2023;152.07
20.03.2023;152.59
21.03.2023;154.37
22.03.2023;154.44
23.03.2023;153.85
24.03.2023;152.42
27.03.2023;154.17
28.03.2023;154.76
29.03.2023;156.54
30.03.2023;157.48
31.03.2023;158.62
03.04.2023;158.34
04.04.2023;157.99
05.04.2023;158.27
06.04.2023;159.7
07.04.2023;159.7
10.04.2023;159.7
11.04.2023;160.28
12.04.2023;159.86
13.04.2023;160.03
14.04.2023;161.24
17.04.2023;161.02
18.04.2023;161.65
19.04.2023;161.73
20.04.2023;162.06
21.04.2023;163.09
24.04.2023;163.11
25.04.2023;163.28
26.04.2023;161.46
27.04.2023;161.29
28.04.2023;162.4
01.05.2023;162.4
02.05.2023;162.15
03.05.2023;163.28
04.05.2023;162.58
05.05.2023;164.08
08.05.2023;164.55
09.05.2023;163.82
10.05.2023;162.47
11.05.2023;163.32
12.05.2023;163.78
15.05.2023;164.01
16.05.2023;163.12
17.05.2023;161.91
18.05.2023;161.91
19.05.2023;163.81
22.05.2023;163.51
23.05.2023;162.33
24.05.2023;160.71
25.05.2023;160.07
26.05.2023;161.69
29.05.2023;161.69
30.05.2023;159.64
31.05.2023;158.7
01.06.2023;159.69
02.06.2023;161.77
05.06.2023;161.14
06.06.2023;161.86
07.06.2023;160.31
08.06.2023;159.71
09.06.2023;159.13
12.06.2023;160.09
13.06.2023;160.41
14.06.2023;159.77
15.06.2023;160.06
16.06.2023;161
19.06.2023;159.66
20.06.2023;158.41
21.06.2023;157.78
22.06.2023;157.86
23.06.2023;158.29
26.06.2023;157.25
27.06.2023;157.27
28.06.2023;158.01
29.06.2023;157.83
30.06.2023;159.44
03.07.2023;158.63
04.07.2023;158.69
05.07.2023;158.14
06.07.2023;155.36
07.07.2023;154.24
10.07.2023;154.83
11.07.2023;155.4
12.07.2023;156.33
13.07.2023;156.6
14.07.2023;157.7
17.07.2023;155.98
18.07.2023;157.51
19.07.2023;157.7
20.07.2023;158.34
21.07.2023;158.4
24.07.2023;158.14
25.07.2023;158.93
26.07.2023;158.31
27.07.2023;160.96
28.07.2023;160.31
31.07.2023;160.14
01.08.2023;160.14
02.08.2023;158.67
03.08.2023;157.02
04.08.2023;157.25
07.08.2023;157.34
08.08.2023;156.61
09.08.2023;156.95
10.08.2023;157.99
11.08.2023;156.88
14.08.2023;157.21
15.08.2023;155.49
16.08.2023;155.52
17.08.2023;153.97
18.08.2023;153.41
21.08.2023;153.48
22.08.2023;153.89
23.08.2023;155.07
24.08.2023;155.14
25.08.2023;154.94
28.08.2023;155.96
29.08.2023;157.01
30.08.2023;156.78
31.08.2023;157.31
01.09.2023;156.58
04.09.2023;156.36
05.09.2023;155.12
06.09.2023;154.74
07.09.2023;155.46
08.09.2023;154.79
11.09.2023;155.12
12.09.2023;155.08
13.09.2023;154.81
14.09.2023;156.25
15.09.2023;157.44
18.09.2023;156.09
19.09.2023;155.7
20.09.2023;156.97
21.09.2023;156.04
22.09.2023;155
25.09.2023;154.85
26.09.2023;153.77
27.09.2023;152.74
28.09.2023;153.11
29.09.2023;153.98
02.10.2023;152.61
03.10.2023;151.2
04.10.2023;150.94
05.10.2023;151.3
06.10.2023;151.77
09.10.2023;151.46
10.10.2023;153.95
11.10.2023;154.68
12.10.2023;153.85
13.10.2023;152.6
16.10.2023;152.55
17.10.2023;151.69
18.10.2023;149.71
19.10.2023;146.83
20.10.2023;145.4
23.10.2023;145.22
24.10.2023;145.78
25.10.2023;146
26.10.2023;145.34
27.10.2023;144.76
30.10.2023;145.48
31.10.2023;145.91
01.11.2023;147.32
02.11.2023;148.95
03.11.2023;148.9
06.11.2023;148.76
07.11.2023;148.61
08.11.2023;148.9
09.11.2023;149.72
10.11.2023;148.53
13.11.2023;148.95
14.11.2023;151.07
15.11.2023;151.06
16.11.2023;150.18
17.11.2023;151.36
20.11.2023;151.25
21.11.2023;151.68
22.11.2023;152.3
23.11.2023;152.48
24.11.2023;152.89
27.11.2023;152.07
28.11.2023;151.16
29.11.2023;151.93
30.11.2023;152.56
01.12.2023;152.83
04.12.2023;153.35
05.12.2023;153.63
06.12.2023;154.03
07.12.2023;153.55
08.12.2023;155.05
11.12.2023;155.68
12.12.2023;155.88
13.12.2023;156.3
14.12.2023;157.17
15.12.2023;157.07
18.12.2023;156.47
19.12.2023;156.23
20.12.2023;156.22
21.12.2023;155.99
22.12.2023;156.26
25.12.2023;156.26
26.12.2023;156.26
27.12.2023;155.87
28.12.2023;155.14
29.12.2023;156.15
01.01.2024;156.15
02.01.2024;156.15
03.01.2024;156.13
04.01.2024;156.87
05.01.2024;156.29
08.01.2024;156.92
09.01.2024;157.13
10.01.2024;157.01
11.01.2024;155.75
12.01.2024;156.78
15.01.2024;156.39
16.01.2024;156.75
17.01.2024;155.63
18.01.2024;156.11
19.01.2024;155.59
22.01.2024;157.32
23.01.2024;155.73
24.01.2024;156.33
25.01.2024;156.49
26.01.2024;159.01
29.01.2024;159.44
30.01.2024;159.63
31.01.2024;158.31
01.02.2024;156.98
02.02.2024;157.26
05.02.2024;157.81
06.02.2024;157.46
07.02.2024;157.02
08.02.2024;156.35
09.02.2024;155.54
12.02.2024;156.82
13.02.2024;156.24
14.02.2024;157.34
15.02.2024;158.28
16.02.2024;158.58
19.02.2024;159.66
20.02.2024;160.17
21.02.2024;159.8
22.02.2024;159.2
23.02.2024;160.59
26.02.2024;159.9
27.02.2024;159.68
28.02.2024;159.15
29.02.2024;159.2
01.03.2024;160.07
04.03.2024;159.95
05.03.2024;159.6
06.03.2024;160.77
07.03.2024;161.44
08.03.2024;162.33
11.03.2024;162.61
12.03.2024;163.65
13.03.2024;164.17
14.03.2024;163.24
15.03.2024;162.76
18.03.2024;162.02
19.03.2024;161.39
20.03.2024;161.91
21.03.2024;163.25
22.03.2024;162.5
25.03.2024;162.37
26.03.2024;162.79
27.03.2024;163.23
28.03.2024;163.6
29.03.2024;163.6
01.04.2024;163.6
02.04.2024;161.62
03.04.2024;161.92
04.04.2024;162.74
05.04.2024;160.44
08.04.2024;161.15
09.04.2024;160.62
10.04.2024;160.44
11.04.2024;160.09
12.04.2024;158.88
15.04.2024;159.2
16.04.2024;156.58
17.04.2024;156.95
18.04.2024;157.06
19.04.2024;157.77
22.04.2024;158.14
23.04.2024;159.94
24.04.2024;158.68
25.04.2024;157.19
26.04.2024;158.42
29.04.2024;158.39
30.04.2024;157.41
01.05.2024;157.41
02.05.2024;156.74
03.05.2024;157.67
06.05.2024;158.34
07.05.2024;160.58
08.05.2024;161.67
09.05.2024;161.67
10.05.2024;163.69
13.05.2024;163.81
14.05.2024;164.1
15.05.2024;165.65
16.05.2024;166.12
17.05.2024;167.08
20.05.2024;167.08
21.05.2024;166.65
22.05.2024;166.3
23.05.2024;166.48
24.05.2024;165.9
27.05.2024;166.29
28.05.2024;164.91
29.05.2024;163.85
30.05.2024;165.05
31.05.2024;166.44
03.06.2024;166.34
04.06.2024;166.3
05.06.2024;167.99
06.06.2024;169.13
07.06.2024;169.26
10.06.2024;167.71
11.06.2024;166.85
12.06.2024;168.24
13.06.2024;167.21
14.06.2024;166.43
17.06.2024;165.93
18.06.2024;166.57
19.06.2024;166.69
20.06.2024;167.72
21.06.2024;166.18
24.06.2024;167.92
25.06.2024;166.89
26.06.2024;165.95
27.06.2024;165.89
28.06.2024;165.65
01.07.2024;166.38
02.07.2024;166.02
03.07.2024;166.47
04.07.2024;167.23
05.07.2024;166.63
08.07.2024;167.09
09.07.2024;166.82
10.07.2024;168.23
11.07.2024;169.52
12.07.2024;170.81
15.07.2024;169.51
16.07.2024;169.42
17.07.2024;170.17
18.07.2024;169.19
19.07.2024;168.08
22.07.2024;169.87
23.07.2024;169.62
24.07.2024;168.69
25.07.2024;167.35
26.07.2024;169.05
29.07.2024;168.71
30.07.2024;169.64
31.07.2024;170.19
01.08.2024;170.19
02.08.2024;164.5
05.08.2024;159.99
06.08.2024;159.67
07.08.2024;164.04
08.08.2024;163.78
09.08.2024;164.31
12.08.2024;164.38
13.08.2024;165.02
14.08.2024;167.08
15.08.2024;168.14
16.08.2024;168.58
19.08.2024;169.72
20.08.2024;169.48
21.08.2024;169.32
22.08.2024;170.06
23.08.2024;170.62
26.08.2024;170.52
27.08.2024;169.77
28.08.2024;170.43
29.08.2024;171.35
30.08.2024;171.71
02.09.2024;171.82
03.09.2024;170.41
04.09.2024;168.15
05.09.2024;166.36
06.09.2024;164.66
09.09.2024;165.74
10.09.2024;165.49
11.09.2024;164.96
12.09.2024;165.71
13.09.2024;166.53
16.09.2024;166.03
17.09.2024;166.7
18.09.2024;165.9
19.09.2024;167.03
20.09.2024;165.2
23.09.2024;165.61
24.09.2024;166.66
25.09.2024;168.09
26.09.2024;169.17
27.09.2024;169.65
30.09.2024;168.81
01.10.2024;167.66
02.10.2024;168.07
03.10.2024;166.73
04.10.2024;166.64
07.10.2024;166.73
08.10.2024;166.62
09.10.2024;168.04
10.10.2024;167.52
11.10.2024;168.49
14.10.2024;169.82
15.10.2024;169.1
16.10.2024;168.63
17.10.2024;169.94
18.10.2024;170.4
21.10.2024;169.51
22.10.2024;168.31
23.10.2024;167.99
24.10.2024;168.29
25.10.2024;168.43
28.10.2024;169.24
29.10.2024;167.29
30.10.2024;165.64
31.10.2024;163.29
01.11.2024;165.56
04.11.2024;164.73
05.11.2024;164.34
06.11.2024;163.97
07.11.2024;164.89
08.11.2024;163.5
11.11.2024;164.76
12.11.2024;162.1
13.11.2024;161.96
14.11.2024;162.99
15.11.2024;160.97
18.11.2024;161.02
19.11.2024;159.8
20.11.2024;159.78
21.11.2024;160.29
22.11.2024;162.04
25.11.2024;161.83
26.11.2024;161
27.11.2024;161.33
28.11.2024;162.15
29.11.2024;162.89
02.12.2024;163.5
03.12.2024;163.56
04.12.2024;163.2
